,,Task1,Task2,,,,,Task3,,,,,,,,
Text,Lang,Polarization,"Gender/
Sexual",Political,Religious,"Racial/
Ethnic",Other,Vilification,"Extreme
Language",Stereotype,Invalidation,"Lack of 
Empathy",Dehumanization,ID,,deinviduation
сКесКХсЛ░сИЭсКХ сКасЛ░сИлсЙ╜сИБ сЙдсЛЫ! сЛи сКесИИсЙ▒сКХ сЙГсИН сЙа сНУсИ╡сЙ░сИн сННсЙЕсИм сЙасИЛсЛн сКесКРсИЖ! сЙасНКсЙ│сЙ╕сЛН сЛлсИИсЛН сЙ░сМНсЛ│сИосЙ╡ сИЭсКХсИЭ сЛлсИЕсИН сКисЙгсЛ╡ сЙвсИЖсКХсИЭ сЛИсЛ░ сКЛсИЛ сИШсИШсИИсИ╡сКХ сМНсКХ сКесКХсЛ░ сКасИЫсИлсМн сКасИНсЛИсИ░сЛ▒сЙ╡сИЭ!,am,FALSE,0,0,0,0,0,0,0,0,0,0,0,amharic_1324928256676687872,,
@USER сЙ░сИМсМНсИлсИЭсКХ сКесКХсЛ░ сКасИЫсИлсМн сИШсМасЙАсИЭ сИШсИНсКлсИЭ сЛнсИШсИ╡сИИсКЫсИН::,am,FALSE,0,0,0,0,0,0,0,0,0,0,0,amharic_1326343162588139523,,
сКасКХсЛ░сКЫсЛН сКасИШсЙ╡ сЛисНХсИксЙ╢сИнсЛлсЛН сИ╡сИЭсИЭсКРсЙ╡ сИЭсКнсКХсЛлсЙ╡ сЙасИЫсЛ╡сИисМН сКисИЕсЛЭсЙгсЛК сЛИсЛлсКР сИУсИнсКРсЙ╡ сЙ╡сМНсИлсЛн (сИЕсЛИсИУсЙ╡) сЛисЙ░сИ░сМа сЛисКасЙЛсИЭ сИШсМНсИИсМл,am,FALSE,0,0,0,0,0,0,0,0,0,0,0,amharic_1711,,
сМНсЛ░сИН сКесКХсЛ│сИНсИНсИЕ.сИГсМвсЛлсЙ╡ сКРсЛН сКасЛНсЙГсИИсИБ сКасЙ╡сМНсЛ░сИН сКасИНсИНсИЕ.сМисКлсКЭ сННсМбсИн сКУсЙ╕сЛН сНАсИОсЙ┤ сМасННсЙ╢сЙесКЭ.сЙАсКУ сЙесЛм сКесЛлсЛисИБ сЛисННсИнсЛ╡сИЕсКХ сЙасЙ╡сИн . сКесМасЙгсЙасЙГсИИсИБ!,am,FALSE,0,0,0,0,0,0,0,0,0,0,0,amharic_1326235496842981377,,
сКасИИ сКРсМИсИн сКасИИ сКРсМИсИн сКесКХсЛ░сЛН сКасИИсЛН сКРсМИсИн сКесКХсЛ▓сИЕ сЙ│сИШсКХ сЙ│сИШсКХ сКасКХсМИсЙ╡ сЛ░сННсЙ░сКХ сКасКХсЙАсИн сКасЛнсЛЮсИЕ #сКасИЫсИлсЛм #сЛисКФсЛисЛЛсИБсМИсЙасИм #сКасИЫсИл,am,FALSE,0,0,0,0,0,0,0,0,0,0,0,amharic_1325624579730108416,,
#сЛИсЛлсКФ сЛЛсМГ сИЛсЛн сЛисЙ░сКисИИсЙ╜сЛН сКасЛисИн сИШсЙГсЛИсИЪсЛл сИЭсКХсИЭ сИШсИесИлсЙ╡ сКасИНсЙ╗сИИсИЭ сНв сЛисЛИсЛлсКФ сМжсИн сЙ░сИ╡сНЛ сКесЛисЙЖсИисМа сМНсИЫсИ╣ сИ▓сЛлсНИсМИсННсМН сМНсИЫсИ╣ сЙасИЛсИ╡сЙ│ сЛЩсИо сКасИЫсИлсКХ сИКсЛИсИн сЛ╡сИЭсЙбсИН сЛ╡сИЭсЙбсИН сКесЛлсИИ сКРсЛН сНв сИШсИисМГсЛН сЛИсКХсЛ╡сЛИсИ░сКХ сЙасЛисКР,am,FALSE,0,0,0,0,0,0,0,0,0,0,0,amharic_1325665339888242688,,
сКасИШсИЛсЙ╕сЛЙ сИ╕сМЛ сИНсЙгсЙ╕сЛЙ сЙ░сИлсИл сКесКР сИЭсИм сИШсМб сИКсМисИ╡ сКРсЛЙ сКасЙзсИл #сЛЭсКХсЙ╡сКасИИсИЭ_сКасИЫсИл #сНЛсКЦ,am,FALSE,0,0,0,0,0,0,0,0,0,0,0,amharic_1114,,
сКжсКРсМН сИ╕сКФ сМНсКХ 27 сКасИШсЙ╡ сЛисЙ╡ сКРсЙасИн? сЛ╡сКХсМИсЙ╡ сКасИБсКХ сИ╕сКФ сЙесИО сЛисИШсМгсЛН? сКесЛНсКРсЙ│сЛН сЛнсИЕсЛН,am,FALSE,0,0,0,0,0,0,0,0,0,0,0,amharic_1217,,
сКжсИосИЮсКУ сКасИЫсИл сЙасИШсИЖсКУсЙ╜сКХ сННсЙЕсИлсЙ╜сКХ сЛисИЪсЛШсИНсЙЕ сКасЛнсИШсИ╡сИЛсЙ╕сЛНсИЭ сКРсЙасИн сИЩсИЙсЛНсКХ сЙ░сИЭсИ│сИМсЙ╡ сЛйсЙ▒сЙе сЙ╗сКУсИН сИЛсЛн сЙ░сИШсИНсКисЙ▒ (сЙасЙ╡сЙесЙесИн сЛисЙАсИисЙа),am,FALSE,0,0,0,0,0,0,0,0,0,0,0,amharic_1992,,
"сНЛсКЦ сКисМОсМе сЛлсИИсНИсНг сКисКнсИНсИН сЛисМИсЛШсНИсНг сИИсИАсМИсИн сЛисЙ░сИисНИсНг сЛисННсЙ╡сИЕ сКасИЭсЛ╡сНг сЛисКРсМ╗сКРсЙ╡ сКнсКХсЛ╡ сКРсЛН!"" - сКШ/сИн сИЭсКХсЛ│сИнсКасИИсЛН сЛШсЛНсЛ┤",am,FALSE,0,0,0,0,0,0,0,0,0,0,0,amharic_1669,,
@USER сЙасИЫсКХсКЫсЛНсИЭ сКРсМИсИн сКисМОсКХсИЕ сКРсКХ сЙесИнсЙ│ сКасЙесЛн сКлсИНсЛ░сНИсИисИ░ сКасЛнсМасИлсИЭ,am,FALSE,0,0,0,0,0,0,0,0,0,0,0,amharic_1325949603938672640,,
@USER сЛШсИи сИШсМНсИЛсИЭ сКасИЫсИл сКесИШсКРсКЭ сКисИ│сИЭсКХсЙ╡ сЙасИГсИЛ сЙасМгсИЭ сКесИнсМНсМасКЫ сКРсКЭ сЙесЛЩ сЛШсИосЙ╜сИЕ сЛнсМасНЛсИЙ,am,TRUE,0,0,0,1,0,1,1,1,0,0,0,amharic_1326266544373043200,,
@USER сЙасКасЙесЛн сЙ░сИНсКо сМОсКХсЛ░сИн сИЛсЛн сЛИсМгсЙ╢сЙ╜сКХ сИ╡сЙ│сЛ░сИлсМЕ сКРсЙасИи сКасЛнсЛ░сИН сЛисКжсИосИЪсЛл сИНсЛй сИАсЛнсИН сИВсЛ╢ сЛнсЛЛсМЛ сЛисКасИЫсИлсКХ сИХсЛЭсЙе сЙ░сЛИсЙ╡ сКасЛ░сИисМЙсЙ╡ сКесКУ сКесИлсИ│сЙ╣ сЙ░сНЛсИИсИЩ сКесИ╡сКк,am,TRUE,0,1,0,1,0,1,0,1,0,0,0,amharic_1323837521009217536,,
сМОсМГсИЭ сИЛсЛн сЙ░сЙАсИЭсМж сИШсЙ░сКисИН сЛлсИИсЛНсКХ сКгсИЫсИл сЙАсИ╡сЙ╡ сКисЙ│сМасЙА сЛисМлсКл сИ╜сННсЙ│ сИЫсИ╡сМгсИН сЛлсИНсЙ╗сИИ сЛисКгсИЫсИл сЛИсЙ│сЛ░сИн сКесКо сКРсЛН сКгсИБсКХ сЛисЙ╡сМНсИлсЛн сИ░сИлсЛКсЙ╡ сКгсИ╕сКХсНЛсИИсИБ сЙесИО сЛисИЪсИ╕сИНсИИсЛНсНв сКгсИЫсИл сИНсКУсЛ╡сКХ сКРсЛН сЛнсЙгсИНсИНсКЫсИНсНв #Ethiopia,am,TRUE,0,1,0,1,0,1,1,1,0,1,1,amharic_1324602001070661633,,
"сКасИ╕сЙгсИксЛНсКХ сЛисЙ╡сИЕсКРсМН сЙбсЛ╡сКХ сКисИЭсЛ╡сИи сМИсНЕ сИЫсМесНЛсЙ╡ сКасИИсЙесКХ"" сЙесИнсМЛсЛ┤сИн сМДсКФсИлсИН сЙ░сНИсИл сИЫсИЮ",am,TRUE,0,1,0,0,0,1,1,0,1,0,0,amharic_1147,,
@USER #сИ░сЛнсМгсКХсИЭ_сКесКо_сМосК╛ сКРсЛН сЛисИЪсЛИсМгсЛН сКдсИЛ сКесКРсИ▒сКХ сЙ░сЛЛсЙ╕сЛН,am,TRUE,0,1,0,0,0,0,0,0,0,0,1,amharic_1324778533705625601,,
@USER сЙ╡сИЕсКРсМНсКХ сИЫсМесНЛсЙ╡ сКисИШсЙАсЛ░сИ╡ сЙасИЛсЛн сИШсЙгсИисКн сКРсЛН,am,TRUE,0,1,0,1,0,1,1,1,0,0,0,amharic_1323937430567854081,,
сЛисЛИсЛлсКФ сКесЙесИксЙ╡ сКесКХсЛ░ сНКсКЫ сИ│сЛнсЙ░сКРсННсИ╡ сКесИ│сЙ╡ сЛНсИ╡сМе сКесКХсЛ░сМИсЙг сЙЕсЙд сИ│сЛнсЙАсИНсМе сЛ░сЙесИисНВсЛосКХсКУ сМНсЙесИисКасЙасИосЙ╣ сКисКасНН сИШсИ╕сНИсКЫ сИЫсИ╡сКлсЙ╕сЛН сМЛсИн сКесКХсЛ░ сКасНЛсИн сМНсИШсИН сЙасИ░сИНсНН сЙасМИсИШсЛ╡ сЙ│сИ╡сИисЛН сИИсННсИнсЛ╡ сИ│сЛнсЙАсИнсЙб сИШсИЛсЙАсЙЕ сЛисИИсИЭсНв ??,am,TRUE,0,1,0,0,0,1,1,0,0,0,1,amharic_1323932366184828929,,
сЛисИШсКисИЛсКисЛл сКесКУ сЛисКасИЫсИл сИНсЛйсИГсЛнсИН сЙ╡сЙесЙесИн сЛисКасИЫсИл сИЕсЛЭсЙе сКвсЙ╡сЛосМ╡сЛлсЛК сМНсЛ┤сЙ│ сКесКХсМЕ сЛисКасИЫсИл сКесКУ сЛисЙ╡сМНсИлсЛн сИЕсЛЭсЙе сМжсИнсКРсЙ╡ сКасЛ░сИИсИЭ -,am,TRUE,0,1,0,1,0,0,0,1,1,0,0,amharic_1836,,
@USER сКасИЫсИл сЛ░сМЙ сЛИсМИсКФсНв сКвсЙ╡сЛмсМ╡сЛл сИ▓сЙгсИН сКесКо сИЭсКХсИЭ сЙАсИНсЙе сЛисИИсЛНсИЭсНв сИШсИ╡сИЪсЛл сИЫсЛ│сИШсМл сЛисИИсЛНсИЭсНв сЛисКРсННсИ▒ сЙ╡сИнсЙ│ сКвсЙ╡сЛмсМ╡сЛл сКУсЙ╡сКУ!!! сИИсКвсЙ╡сЛмсМ╡сЛл сИШсЙ╝ сЛИсЛ░сКЛсИЛ сЙесИО сЛлсЙГсИНсНв,am,TRUE,0,1,0,1,0,0,1,1,0,0,0,amharic_1326141892946485248,,
"
 ╪╣╪з╪м┘Д | ╪н╪│╪и ╪╡╪н┘К┘Б╪й ┘Д┘К┘Г┘К╪и ╪з┘Д┘Б╪▒┘Ж╪│┘К╪й: ╪к┘Е ╪к╪г╪м┘К┘Д ┘Г╪г╪│ ╪г┘Б╪▒┘К┘В┘К╪з 2025╪М ╪з┘Д╪к┘К ┘Г╪з┘Ж ┘Е┘Ж ╪з┘Д┘Е┘В╪▒╪▒ ╪г┘Ж ╪к┘П┘В╪з┘Е ┘Б┘К ╪з┘Д┘Е╪║╪▒╪и╪М ╪е┘Д┘Й ╪и╪п╪з┘К╪й ╪з┘Д╪╣╪з┘Е 2026╪М ┘И╪░┘Д┘Г ╪и╪│╪и╪и ╪к╪╣╪з╪▒╪╢┘З╪з ┘Е╪╣ ╪▒┘И╪▓┘Ж╪з┘Е╪й ┘Г╪г╪│ ╪з┘Д╪╣╪з┘Д┘Е ┘Д┘Д╪г┘Ж╪п┘К╪й.",ar,FALSE,0,0,0,0,0,0,0,0,0,0,0,arabic_4776,,
╪г╪│╪╣╪з╪▒ ╪з┘Д┘Б┘И╪з╪к┘К╪▒ ╪з┘Д  ╪и╪╣╪п ╪з┘Д╪▓┘К╪з╪п╪й ╪з┘Д╪м╪п┘К╪п╪й ╪з┘К┘З ┘К╪з┘Д ╪н╪и┘К╪и╪Я,ar,FALSE,0,0,0,0,0,0,0,0,0,0,0,arabic_4517,,
╪┤╪м╪з╪▒ ╪и┘К┘Ж ┘Д╪з╪╣╪и┘К ╪з┘Д╪┤╪и╪з╪и ╪з┘Д╪│╪╣┘И╪п┘К ┘И╪з┘Д╪▓┘Е╪з┘Д┘Г ╪з┘Д┘Е╪╡╪▒┘К ┘Б┘К ┘Е╪и╪з╪▒╪з╪й ┘Г╪г╪│ ╪з┘Д╪╣╪▒╪и ┘Д┘Д╪г┘Ж╪п┘К╪й ╪з┘Д╪г╪и╪╖╪з┘Д,ar,FALSE,0,0,0,0,0,0,0,0,0,0,0,arabic_4657,,
╪г╪▒┘В╪з┘Е ┘Ж┘К┘Е╪з╪▒ ┘Е╪╣ ╪│╪з┘Ж╪к┘И╪│ ╪о┘Д╪з┘Д 3 ╪г╪│╪з╪и┘К╪╣ ╪г┘Б╪╢┘Д ┘Е┘Ж 17 ╪┤┘З╪▒╪з ┘Е╪╣ ╪з┘Д┘З┘Д╪з┘Д,ar,FALSE,0,0,0,0,0,0,0,0,0,0,0,arabic_3580,,
"""╪п┘К╪и╪│┘К┘Г"".. ╪▓┘Д╪▓╪з┘Д ╪╣╪▒╪╢┘К ╪г┘Е ╪к╪н┘И┘Д ╪з╪│╪к╪▒╪з╪к┘К╪м┘К ┘Б┘К ╪г╪│┘З┘Е ╪з┘Д┘А AI╪Я",ar,FALSE,0,0,0,0,0,0,0,0,0,0,0,arabic_3839,,
┘В╪з┘Ж┘И┘Ж ╪з┘Д╪г┘Е┘Ж ╪з┘Д╪║╪░╪з╪ж┘К ┘В╪╖╪╣╪к ╪▒┘И╪н┘Г ╪╣┘Д┘К ┘И┘К┘Ж ╪╡╪з╪▒ ╪и┘Д┘З ┘в┘е ╪к╪▒┘Д┘К┘И┘Ж ╪│╪▒┘В╪к┘И┘З┘Ж ┘И╪м╪з┘К ╪к╪н╪м┘К┘Д┘К ╪и┘Д┘Б┘В┘К╪▒ ┘И┘Д┘Е╪╢┘Д┘И┘Е ╪з┘Д╪з┘Д╪╣┘Ж┘З ╪з┘Д┘Д┘З ╪╣┘Д┘К┘Г┘Е ╪з╪м┘Е╪╣┘К┘Ж,ar,FALSE,0,1,0,0,0,1,1,0,0,1,0,arabic_645,,
┘Е╪н┘Г┘Е╪й ╪з┘Д╪к╪╣┘В┘К╪и ╪к╪д┘К╪п ╪н┘Г┘Е ╪з┘Д╪│╪м┘Ж ┘И╪з┘Д┘Е╪▒╪з┘В╪и╪й ╪з┘Д╪е╪п╪з╪▒┘К╪й ╪╢╪п ╪▒╪з╪┤╪п ╪з┘Д╪║┘Ж┘И╪┤┘К,ar,FALSE,0,0,0,0,0,0,0,0,0,0,0,arabic_4173,,
"#╪з┘Д╪╣╪┤╪▒┘К╪й_╪з┘Д╪│┘И╪п╪з╪б ╪╡┘Ж╪╣╪к ╪з┘Д╪з╪│╪к╪и╪п╪з╪п ╪и╪╣╪п ╪и╪▓┘И╪║ ┘Ж┘И╪▒ ╪з┘Д╪н╪▒┘К╪й ┘И ╪з┘Д╪п┘К┘Е┘В╪▒╪з╪╖┘К╪й. 
╪з╪▓┘К╪п ┘Е┘Ж ┘Е╪з╪ж╪к┘К┘Ж ╪з┘Д┘Б ┘В╪к┘К┘Д ╪к╪н╪к╪з╪м ╪е┘Д┘Й ╪▒╪п ╪з┘Д╪з╪╣╪к╪и╪з╪▒ .",ar,FALSE,0,0,0,0,0,0,0,0,0,0,0,arabic_573,,
┘Б┘Д┘И┘Д ╪з┘Д┘Ж╪╕╪з┘Е ┘К╪з ╪╣╪╢┘И ┘З╪▒╪и┘И╪з ╪о╪з╪▒╪м ╪│┘И╪▒┘К╪з . ┘З┘Ж╪з┘Г ┘В╪к┘Д ╪╖╪з╪ж┘Б┘К ╪и╪з┘Д╪│╪з╪н┘Д ╪и╪г┘Е╪▒ ┘Е┘Ж ╪з┘Д╪│┘Д╪╖╪й ╪з┘Д╪н╪з┘Г┘Е╪й ╪з┘Д┘Е╪д┘В╪к╪й,ar,FALSE,0,0,0,0,0,0,0,0,0,0,0,arabic_2691,,
╪з┘Д╪п╪╣╪к┘И╪▒ ┘Е╪л┘Д┘З ┘Е╪л┘Д ╪з┘К ╪н┘К ╪│┘И╪▒┘К .. ┘Е┘Б╪╣┘Е ╪и╪з┘Д┘Б┘В╪▒ ┘И ╪н╪з┘Б┘Д ╪и╪з┘Д╪к╪╣╪к┘К╪▒ ┘И ┘Е╪м╪и┘И┘Д ╪и╪з┘Д╪╖┘К╪и╪й .. ╪з┘Д┘В╪и╪╢ ╪╣┘Д┘Й ┘Е╪╖┘Д┘И╪и ┘Д╪з ┘К╪н╪к╪з╪м ┘Г┘Д ┘З╪░╪з ╪з┘Д╪╣┘Ж┘Б ╪з┘Д┘В╪п┘К┘Е ╪з┘Д╪м╪п┘К╪п,ar,FALSE,0,0,0,0,0,0,0,0,0,0,0,arabic_965,,
"╪з┘Д╪╡╪н╪й ╪з┘Д╪╣╪з┘Д┘Е┘К╪й ╪к╪н╪░╪▒ ┘Е┘Ж ""╪к╪▓┘К┘К┘Б"" ╪н┘В┘Ж ╪к┘В┘Д┘К┘Д ╪з┘Д┘И╪▓┘Ж",ar,FALSE,0,0,0,0,0,0,0,0,0,0,0,arabic_3771,,
╪з┘К┘З ╪з┘Д╪з╪м╪з┘Д┘Г ┘Е┘Ж ┘Г┘И┘Д ┘И╪з╪н╪п ┘К┘З╪▓┘В┘Г ┘К╪з╪и┘Ж╪к ╪│╪к┘К┘Ж ┘Г┘Д╪и ┘Е┘Д┘В╪к┘К╪┤ ╪▒╪з╪м┘Д ┘К┘Д┘Е┘Г,ar,TRUE,1,0,0,0,1,1,1,1,1,0,1,arabic_2022,,
┘Д┘К╪│ ┘З┘Ж╪з┘Г ╪н╪┤╪п ╪┤╪╣╪и┘К ┘И╪е┘Ж┘Е╪з ┘З┘И ╪н┘В╪п ╪┤┘К╪╣┘К ╪╣┘Д┘Й ╪з┘Д╪│┘Ж╪й .,ar,TRUE,0,0,1,0,0,0,1,1,1,0,0,arabic_92,,
╪е╪│┘Е╪╣┘И╪з ┘К╪и╪к┘И╪╣ ╪з┘Д╪к╪м┘Е╪╣ ╪з┘Д╪л╪з┘Д╪л ┘Д╪з╪▓┘Е ╪к┘Б┘З┘Е┘И╪з ╪е┘Ж ╪п┘Й ┘Е╪┤ ╪г╪о┘Д╪з┘В ╪╣┘К┘Ж ╪┤┘Е╪│ ╪е╪н┘Ж╪з ╪и┘Д╪╖╪м┘К╪й ╪и╪│ ┘Е╪┤ ┘Д╪п╪▒╪м╪й╪з┘Д╪╣╪з┘Д┘Е ╪г┘Г┘Д╪й ┘Д╪н┘И┘Е ╪з┘Д╪и╪┤╪▒ ╪п┘И┘Д,ar,TRUE,0,0,0,1,1,1,1,1,0,0,1,arabic_747,,
╪г┘Е╪▒┘К┘Г╪з ┘В╪к┘Д╪к ╪и╪з┘Д╪з┘Е╪│ ┘Е╪╣┘И┘В ╪▒┘Б╪╢ ╪▒┘Б╪╣ ┘К╪п┘К┘З ┘Б┘Е╪з╪░╪з ╪к╪▒┘К╪п ┘Е┘Ж ╪з┘Д╪┤╪▒╪╖╪й ╪з┘Д┘Е╪╡╪▒┘К╪й ╪г┘Ж ╪к┘Б╪╣┘Д ╪╣┘Ж╪п┘Е╪з ╪к╪к╪╣╪з┘Е┘Д ┘Е╪╣ ┘Е╪│┘Д╪н┘К┘Ж ┘Е╪╣┘З┘Е ┘Е╪к┘Б╪м╪▒╪з╪к,ar,TRUE,0,1,0,1,0,1,0,1,1,1,0,arabic_86,,
"┘З┘К ╪▓╪╣┘Д╪к ┘Д┘К╪й ┘Е╪┤ ┘Б╪з┘З┘Е 
┘Е╪з┘З┘К ┘И┘Г┘Д ╪з┘Д┘Ж╪│┘И╪з┘Ж ╪и┘К╪▒┘И╪н┘И╪з ╪з┘Д╪м┘К┘Е ╪з┘Д┘Е╪о╪к┘Д╪╖ ╪╣┘Д╪┤╪з┘Ж ┘К╪к┘Е ╪з┘Д╪к╪н╪▒╪┤ ╪и┘К┘З┘Е",ar,TRUE,1,0,0,0,0,1,1,1,1,1,0,arabic_877,,
┘Е┘К┘Ж ╪│╪з╪ж┘Д ╪╣┘Ж┘Ж ┘И┘К┘Ж ┘Е╪з┘Г╪з┘Ж┘И ┘К┘Г┘И┘Ж┘И ╪и╪м┘З┘Ж┘Е ╪к╪з╪о╪п┘Ж ┘З┘Е ┘И╪з┘Д┘Ж╪╡┘К╪▒┘К╪й ╪п┘К╪п┘Ж ┘И╪з╪н╪п... ┘Е┘Ж╪з┘Б┘В┘К┘Ж ┘Е╪▒╪к╪п┘К┘Ж ┘К┘Г╪▒┘З┘И┘Ж ╪з┘Д┘Е╪│┘Д┘Е┘К┘Ж,ar,TRUE,0,0,1,1,0,1,1,1,1,1,0,arabic_1091,,
╪┤╪╣╪и ╪м╪з┘З┘Д ┘И┘Е╪к╪о┘Д┘Б ┘К╪н╪и ╪з┘Д╪о┘К╪▒ ┘Д╪г┘Е┘З ┘И╪г╪о╪к┘З ╪п┘К┘Ж ╪░┘Г┘И╪▒┘К ┘И╪е╪н╪к┘В╪з╪▒ ╪з┘Д┘Е╪▒╪г╪й ╪к╪│╪╣┘Й ┘И╪к╪┤╪к╪║┘Д ┘Е╪л┘Д┘З╪з ╪з┘Д╪▒╪м┘Д,ar,TRUE,1,0,1,1,1,1,1,1,1,1,0,arabic_2079,,
╪з┘Д╪о┘Д┘К╪м┘К┘К┘Ж ┘К╪╕┘Ж┘И╪з ╪и╪з┘Ж┘З┘Е ╪з┘Б╪╢┘Д ┘Е┘Ж ╪з┘Д╪з╪о╪▒┘К┘Ж ╪и╪│╪и╪и ┘Б┘Д┘И╪│┘З┘Е ╪и╪│ ┘Д╪з╪▓┘Е ┘К╪╣╪▒┘Б┘И╪з ╪и╪з┘Ж ╪з┘Д┘Ж╪о┘И┘З ┘И ╪з┘Д╪╣╪▒┘И┘И┘И┘И╪и┘З ┘Б┘И┘В ╪з┘Д┘Е╪з┘Д ┘И ╪з┘Д┘Б┘Д┘И╪│ ╪и╪з┘Д╪н╪░╪з╪з╪з╪з╪з╪б,ar,TRUE,0,0,0,1,0,1,1,1,1,0,0,arabic_1555,,
┘Д╪╣┘Ж┘З ╪з┘Д┘Д┘З ╪╣┘Д┘К┘Г ╪г┘И ╪╣┘Д┘Й ╪з╪н┘Е╪п ╪з┘Д╪┤╪▒╪╣,ar,TRUE,0,1,0,1,1,1,1,0,0,0,0,arabic_2612,,
┘Д╪╣┘Ж┘З ╪з┘Д╪┤╪╣╪и ╪з┘Д╪к┘И┘Ж╪│┘К ╪з┘Д╪│╪з┘Г╪к ┘И╪з┘Д╪о╪з┘Ж╪│ ┘Д╪╣┘Ж┘Г┘Е,ar,TRUE,0,1,0,1,0,1,1,0,1,0,0,arabic_2050,,
ржЕрж╕рзО рж▓рзЛржХрзЗрж░рж╛ ржнрж╛рж╕рждрзЗ ржнрж╛рж╕рждрзЗ ржПржХржЯрж╛ рж╕ржоржпрж╝ ржбрзБржмрзЗ ржпрж╛ржпрж╝ ржЖрж░ рж╕рзО рж▓рзЛржХрзЗрж░рж╛ ржбрзБржмрждрзЗ ржбрзБржмрждрзЗ ржПржХржЯрж╛ рж╕ржоржпрж╝ ржнрзЗрж╕рзЗ ржУржарзЗржПржЦржи рж╕рж┐ржжрзНржзрж╛ржирзНржд ржЖржкржирж╛рж░ рж╕рзО рж╣ржмрзЗржи ржирж╛ржХрж┐ ржЕрж╕рзО рж╣ржмрзЗржи,bd,FALSE,0,0,0,0,0,0,0,0,0,0,0,230189,,
ржпрзЗ ржХрзНржпрж╛ржкрзНржЯрзЗржи ржЖржЧрзЗ ржмрж╛ржВрж▓рж╛ржжрзЗрж╢ ржХрзНрж░рж┐ржХрзЗржЯрзЗрж░ ржкрзНрж░рж╛ржг ржЫрж┐рж▓рзЗржи ржПржЦржи ржЙржирж┐ рж╕рж╛рж░рж╛ ржжрзЗрж╢рзЗрж░ ржПржХржЬржи ржкрзНрж░рж╛ржгрзЗрж░ ржорж╛ржирзБрж╖ рж╣рж┐рж╕рзЗржмрзЗ ржирж┐ржЬрзЗржХрзЗ рждрзИрж░рзА ржХрж░ржЫрзЗржи ржХрзЛржЯрж┐ ржорж╛ржирзБрж╖рзЗрж░ ржнрж╛рж▓ржмрж╛рж╕рж╛рж░ ржорж╛ржирзБрж╖ ржПржЗ ржорж╛рж╢рж░рж╛ржлрзА ржмрж┐ржи ржорж░рзНрждрзБржЬрж╛ ржПржнрж╛ржмрзЗржЗ ржПржЧрж┐ржпрж╝рзЗ ржпрж╛ржи ржмрж╛ржВрж▓рж╛рж░ ржорж╛ржирзБрж╖ржХрзЗ ржнрж╛рж▓рзЛржмрзЗрж╕рзЗ,bd,FALSE,0,0,0,0,0,0,0,0,0,0,0,58029,,
рждрж╛ржЙрж╣рж┐ржж ржХрж╛ржХрзЗ ржмрж▓рзЗ ржЖрж▓рзНрж▓рж╛рж╣ рждрж╛ржЖрж▓рж╛ ржПржХ ржУ ржжрж┐рждрж┐ржпрж╝ рждрж╛рж╣рж╛рж░ ржХрзЛржи рж╢рж░рж┐ржХ ржирж╛ржЗ рждрж╛ржЗ рждрж┐ржирж┐ ржЕрждрж▓рзЛржирж┐ржУржПржЗ рж╢рж┐ржХрзНрж░рж┐рж░ ржкрж╛рж╢рж╛ржкрж╛рж╢рзА ржЬрж┐ржмржирзЗрж░ рж╕ржХрж▓ ржХрж░рзНржоржХрж╛ржирзНржбрзЗ ржПржХ ржорж╛рждрзНрж░ рждрж╛рж╣рж╛рж░рж┐ ржЕржирзБржЧрждрзНржп ржХрж░рж╛рж░ ржирж╛ржо ржмрж╛рж╕рзНрждрзЛржм рждрж╛ржУрж╣рж┐ржж рждрж╛ржУрж╣рж┐ржж ржЗрж╕рж▓рж╛ржорзЗ ржорзБрж▓ ржмрж┐рждрзНрждржЗрж╕рж▓рж╛ржорзЗрж░ рж╕ржХрж▓ ржХрж░рзНржоржХрж╛ржирзНржбрзЛ рждрж╛ржУрж╣рж┐ржжрзЗрж░ ржЙржкрж░ ржкрзНрж░рждрж┐рж╖рзНржЯрж┐рждрждрж╛ржУрж╣рж┐ржжрзЗрж░ ржоржзрзНржпржорзЗ ржорж╛ржирзБрж╖ ржЗржорж╛ржирзЗрж░ ржЙржЪрзНржЫ ржЖрж╢ржирзЗ ржЖрж╕рж┐ржи рж╣рждрзЗ рж╕ржХрзНрж╖ржо,bd,FALSE,0,0,0,0,0,0,0,0,0,0,0,10572,,
ржЖржорж╛ржжрзЗрж░ ржЪрж╛ржБржжржкрзБрж░ ржЬрзЗрж▓рж╛ рж╣рж╛ржЬрж┐ржЧржЮрзНржЬ ржЙржкржЬрзЗрж▓рж╛ рзм ржиржВ ржкрзВрж░рзНржм ржЗржЙржирж┐ржпрж╝ржи рж╕рзНржмрж╛рж╕рзНржерзНржп рж╕рзЗржмрж╛ рж╣рж╛рж╕ржкрж╛рждрж╛рж▓рзЗ ржжрзАрж░рзНржШржжрж┐ржи рж╕рзНржмрж╛рж╕рзНржерзНржпрж╕рзЗржмрж╛ ржмржирзНржз ржерж╛ржХрж╛рж░ ржкрж░ ржкрж░ржмрж░рзНрждрзАрждрзЗ рж╕рж░ржХрж╛рж░рж┐ржнрж╛ржмрзЗ ржПржХржЬржи ржкрзНржпрж╛рж░рж╛ржорзЗржЯрж┐ржХ ржбрж╛ржХрзНрждрж╛рж░ ржЖрж╕рж╛рж░ ржкрж░ ржЕржирзЗржХ ржнрж╛рж▓рзЛ рж╕рзЗржмрж╛ рж╣ржпрж╝рзЗржЫрж┐рж▓ ржПржоржиржХрж┐ ржЕржирзЗржХ ржирж░ржорж╛рж▓ ржбрзЗрж▓рж┐ржнрж╛рж░рж┐ржУ рж╣ржпрж╝рзЗржЫрж┐рж▓ ржХрж┐ржирзНрждрзБ ржжрзБржГржЦрзЗрж░ ржмрж┐рж╖ржпрж╝ ржПрж▓рж╛ржХрж╛рж░ ржХрж┐ржЫрзБ рж╣рж╛рждрзБржбрж╝рж┐ ржбрж╛ржХрзНрждрж╛рж░рзЗрж░ ржХрж╛рж░ржгрзЗ ржПржЗ рж╕рзЗржмрж╛ ржерзЗржХрзЗ ржПрж▓рж╛ржХрж╛рж░ ржорж╛ржирзБрж╖ ржмржЮрзНржЪрж┐ржд рж╣ржЗрж▓ ржмрж░рзНрждржорж╛ржирзЗ рж╣рж╛рж╕ржкрж╛рждрж╛рж▓ржЯрж┐ ржмржирзНржз ржЕржмрж╕рзНржерж╛ржпрж╝ ржЖржЫрзЗ ржмрж┐рж╖ржпрж╝ржЯрж┐ ржорж╛ржиржирзАржпрж╝ рж╕рзНржмрж╛рж╕рзНржерзНржпржоржирзНрждрзНрж░рзА ржорж╣рзЛржжржпрж╝рзЗрж░ ржжрзГрж╖рзНржЯрж┐рждрзЗ ржЖржирж╛рж░ ржЬржирзНржп ржЕржирзБрж░рзЛржз ржХрж░рж╛ рж╣ржЗрж▓,bd,FALSE,0,0,0,0,0,0,0,0,0,0,0,241553,,
ржЖржорж░рж╛ ржпрзЗ ржХржорзЗржирзНржЯ ржХрж░рж┐ ржПржЗ ржХржорзЗржирзНржЯрзЗрж░ ржорзВрж▓рзНржп ржЖржЫрзЗ ржХрж┐ржирж╛ ржЖржорж╛рж░ ржЬрж╛ржирж╛ ржирзЗржЗ рждрж╛ржЗ ржЖрж░ ржХрзЛржи ржХржорзЗржирзНржЯ ржХрж░рж┐ ржирж╛,bd,FALSE,0,0,0,0,0,0,0,0,0,0,0,75775,,
ржХрж╛ржжрзЗрж░ ржХрж╛ржХрзБ ржЖржкржирж┐ ржорж╛ржжрзЗрж░ржХрзЗ ржПрждрзЛ ржПрждрзЛ ржЦрзБрж╢рж┐рж░ ржЦржмрж░ ржжрж┐ржЪрзНржЫрзЗржи ржХрж┐ржирзНрждрзБ ржПржХржЯрж╛ ржмрж┐рж╖ржпрж╝ ржмрзБржЭрж▓рж╛ржо ржирж╛ ржПрждрзЛ ржЦрзБрж╢рж┐рж░ рж╕ржВржмрж╛ржжрзЗрж░ ржоржзрзНржпрзЗржУ ржЖржкржирж┐ ржПржмржВ ржЖржкржирж╛рж░ ржбрж╛ржирзЗ ржмрж╛ржорзЗ ржпрж╛рж░рж╛ ржЖржЫрзЗ рждрж╛ржжрзЗрж░ ржХрж╛рж░рзЛ ржорзБржЦрзЗржЗ рж╣рж╛рж╕рж┐ ржирзЗржЗ ржирзЗржЗ ржХрзЛржирзЛ ржЦрзБрж╢рж┐рж░ ржкрзНрж░рждрж┐ржЪрзНржЫржмрж┐ ржХрж╛ржХрзБ ржХрж╛рж░ржи ржЯрж╛ ржПржХржЯрзБ ржЦрзЛрж▓рж╛рж╕рж╛ ржХрж░рж▓рзЗ ржЖржорж░рж╛ ржорзБржЦржЦ рж╕рзБржЦржЦ ржорж╛ржирзБрж╖ ржмрзБржЬржмрж╛рж░ ржкрж╛рж░рждрж╛ржо,bd,FALSE,0,0,0,0,0,0,0,0,0,0,0,71804,,
рж╕рж╛рж▓рзЗ ржнрзЛржЯрж╛рж░ ржЖржЗржбрж┐ ржХрж╛рж░рзНржб ржкрзЗрж▓рж╛ржо ржПржЦржи ржкрж░рзНржпржирзНржд ржПржХржЯрж╛ ржЪрзЗржпрж╝рж╛рж░ржорзНржпрж╛ржи ржорзЗржорзНржмрж╛рж░ ржПрж░ ржнрзЛржЯ ржУ ржжрж┐рждрзЗ ржкрж╛рж░рж┐ ржирж╛ржЗ ржЖржорж┐ ржХрж┐ ржмрж╛ржВрж▓рж╛ржжрзЗрж╢рзЗрж░ рж╕рж╛ржзрж╛рж░ржг ржирж╛ржЧрж░рж┐ржХ,bd,FALSE,0,0,0,0,0,0,0,0,0,0,0,68570,,
ржЖржорж┐ ржмрзНржпржХрзНрждрж┐ржЧржд ржнрж╛ржмрзЗ рждрж╛ржжрзЗрж░ ржкрж░рж┐ржмрж╛рж░ ржЯрж╛ ржХрзЗ ржкржЫржирзНржж ржХрж░рж┐ ржирж╛ рж╢рзЗржЦ рждржирзНржоржпрж╝ ржПрж░ ржЕрж╕рж╛ржзрж╛рж░ржг ржкрзНрж░рждрж┐ рждрж╛рж░ ржЖрж▓рж╛ржжрж╛ ржПржХржЯрж╛ ржорж╛ржпрж╝рж╛ ржЖржЫрзЗ рж╕рзЗ,bd,FALSE,0,0,0,0,0,0,0,0,0,0,0,60574,,
ржЖржкржирж╛рж░ ржзрж░рзНржо ржЖржкржирж╛рж░ ржХрж░рзНржо ржЖржкржирж╛рж░ ржмрж░рзНрждржорж╛ржи ржХрж░рзНржо ржирж┐рж░рзНржзрж╛рж░ржг ржХрж░ржмрзЗ ржЖржкржирж╛рж░ ржЖржЦрж┐рж░рж╛ржд ржХрзЗржоржи рж╣ржмрзЗ ржЖржкржирж┐ ржХрж┐ ржЕрж░рзНржЬржи ржХрж░рж▓рзЗржи ржХрж┐ ржЕрж░рзНржЬржи ржХрж░ржмрзЗржи рж╕рзЗржЯрж╛ ржЖржкржирж╛рж░ ржПржХрж╛ржирзНржд ржмрзНржпржХрзНрждрж┐ржЧржд ржмрж┐рж╖ржпрж╝рзЗ ржЖржкржирж╛рж░ ржмрж┐рж╢рзНржмрж╛рж╕ ржЖржкржирж╛рж░ ржмрзНржпржХрзНрждрж┐ржЧржд ржмрж┐рж╖ржпрж╝,bd,FALSE,0,0,0,0,0,0,0,0,0,0,0,241454,,
рж╕рзБржоржи ржнрж╛ржЗ ржЬрж╛ржирж┐ржирж╛ ржоржирзНрждржмрзНржп ржЖржкржирж╛рж░ ржЪрзЛржЦрзЗ ржкрж░рзЗ ржХрж┐ржирж╛ржЖржорж┐ ржЪржЯрзНржЯржЧрзНрж░рж╛ржо ржерзЗржХрзЗ ржмрж▓ржЫрж┐ ржЖржкржирж╛рж░ ржУржкрж░рзЗ ржнрж┐рждрзНрждрж┐ ржХрж░ ржорж╛ржирзБрж╖рзЗрж░ ржЕржирзЗржХ ржЖрж╢рж╛ржкрзНрж░рждрж┐ржЯрж╛ ржШрж░рзЗ ржПржХржЯрж╛ ржХрж░рзЗ рж╕рзБржоржи рж╣ржЙржХ ржЕржирзЗржХ ржЕржирзЗржХ рж╢рзБржнржХрж╛ржоржирж╛,bd,FALSE,0,0,0,0,0,0,0,0,0,0,0,57462,,
ржЖржорж╛рж░ ржмрзБржЭрзЗ ржЖрж╕рзЗ ржирж╛ ржпрж╛рж░рж╛ рж░рж╛рж╕рзБрж▓рзБрж▓рзНрж▓рж╛рж╣ рж╕рж▓рзНрж▓рж╛рж▓рзНрж▓рж╛рж╣рзБ ржЖрж▓рж╛ржЗрж╣рж┐ ржУржпрж╝рж╛рж╕рж╛рж▓рзНрж▓рж╛ржоржХрзЗ ржлрж┐рж░рж╛ржирж╕рзЗ ржХрж╛рж░рзНржЯрзБржи ржХрж░рж╛рж░ ржкрзНрж░рждрж┐ржмрж╛ржжрзЗ рж░рж╛ржЬ ржкржерзЗрж░ ржорж╛ржиржмржмржирзНржзржи ржорж┐ржЫрж┐рж▓ ржХрж░рж╛ржХрзЗ ржирж╛ ржЬрж╛ржпрж╝рзЗржЬ ржмрж▓рждржЕржержЪ ржЖржЬ рждрж╛рж░ржЗ ржжрзЗржЦрж┐ ржорж╛ржиржмржмржирзНржзржи ржХрж░рзЗ ржПржЦржи ржХрж┐ржнрж╛ржмрзЗ ржЬрж╛ржпрж╝рзЗржЬ рж╣ржмрзЗ ржЖржорж┐ ржирж┐ржЬрзЗ рждржЦржи ржЬрж╛ржорж╛рждрзЗ ржЫрж┐рж▓рж╛ржо ржкрзНрж░рждрж┐ржмрж╛ржж ржорж┐ржЫрж┐рж▓рзЗ ржЖрж╛ржорж╛ржХрзЗ ржпрзЗрждрзЗ ржжрзЗржУржпрж╝рж╛ рж╣ржпрж╝ ржирж┐ржУржЯрж╛ ржирж╛ржХрж┐ ржирж╛ ржЬрж╛ржпрж╝рзЗржЬ ржорзБржирж╛ржлрзЗржХрж┐,bd,TRUE,0,0,1,0,0,0,1,0,1,0,0,9802,,
ржмрж╛ржВрж▓рж╛ржжрзЗрж╢рзЗ ржХрж┐ ржнрж╛рж▓рзЛ рж╢рж┐ржХрзНрж╖рж╛ржоржирзНрждрзНрж░рзА ржкрж╛ржмрзЛ ржирж╛ ржпрзЗ ржПржХржЯрзБ рж╣рж▓рзЗржУ ржорзБрж╕рж▓ржорж╛ржиржХрзЗ ржнрж╛рж▓рзЛржмрж╛рж╕ржмрзЗ рждрж╛рж░ ржмржХрзНрждржмрзНржп ржпржжрж┐ рж╣ржпрж╝ ржирзВрж░рж╛ржирзА ржПржмржВ ржХржУржорж┐ ржорж╛ржжрзНрж░рж╛рж╕рж╛рж░ ржХрж╛рж░ржгрзЗ рж╢рж┐ржХрзНрж╖рж╛рж░рзНржерзА ржХржорзЗ ржпрж╛ржЪрзНржЫрзЗ рж╕рзЗржЧрзБрж▓рзЛржХрзЗ ржирж┐ржпрж╝ржирзНрждрзНрж░ржг ржХрж░рждрзЗ рж╣ржмрзЗ рждрж╛рж╣рж▓рзЗ ржПржЦрж╛ржирзЗ ржирж┐ржпрж╝ржирзНрждрзНрж░ржг ржмрж▓рждрзЗ ржХрж┐ ржЙржжрзНржжрзЗрж╢рзНржп ржмрзБржЭрж╛ржирзЛ рж╣ржпрж╝рзЗржЫрзЗ ржЕржмрж╢рзНржпржЗ ржирзВрж░рж╛ржирзА ржПржмржВ ржХржУржорж┐ ржорж╛ржжрзНрж░рж╛рж╕рж╛рж░ ржЫрж╛рждрзНрж░ржЫрж╛рждрзНрж░рзАржжрзЗрж░ ржмрж╛ржзрж╛ржЧрзНрж░рж╕рзНржд ржХрж░рж╛ рж╣ржмрзЗ ржХрзЛржи ржХрзМрж╢рж▓рзЗ ржмрзБржЭрж╛ржирзЛ рж╣ржпрж╝рзЗржЫрзЗ ржПржЯрж╛ржУ ржПржХ ржзрж░ржирзЗрж░ рж╖ржбрж╝ржпржирзНрждрзНрж░ржорзВрж▓ ржмржХрзНрждржмрзНржп ржмрж▓рзЗ ржзрж╛рж░ржгрж╛ ржХрж░рж╛ ржпрж╛ржпрж╝,bd,TRUE,0,0,1,0,0,1,0,0,1,0,0,241470,,
ржорзВрж▓ ржХржерж╛ ржХрзЗржЙ ржмрж▓рзЗ ржирж╛ рж╕ржмрж╛ржЗ ржнржпрж╝ ржкрж╛ржпрж╝ ржЗрж╕рж░рж╛ржпрж╝рзЗрж▓ ржХрзЗржи ржлрж┐рж▓рж┐рж╕рзНрждрж┐ржи ржжржЦрж▓ ржХрж░рждрзЗ ржЪрж╛ржпрж╝ ржПржЯрж╛ рж╕ржм ржорзБрж╕рж▓ржорж╛ржи ржЬрж╛ржирзЗ рждржмрзЗ ржорж┐ржбрж┐ржпрж╝рж╛ рж╕рзЗржЗ ржХрж╛рж░ржг ржХржЦржирзЛ ржмрж▓ржмрзЗ ржирж╛,bd,TRUE,0,0,1,0,0,0,0,1,1,0,0,242932,,
ржкрзНрж░ржержорждржорж┐ржбрж┐ржпрж╝рж╛рж░ ржПржЗ рж╣рж╕рзНрждржХрзНрж╖рзЗржк ржнрж╛рж▓ ржжрзЗржЦржЫрж┐ржирж╛ ржЗржЬрждрзЗржорж╛ржпрж╝ржПржЯрж╛ ржжрзВрж░ ржерзЗржХрзЗ ржжрзЗржЦрзЗ ржмрж▓рж╛рж░ ржЬрж┐ржирж┐рж╕ ржирж╛ржжрзНржмрзАржирзЗрж░ рж╣рж╛ржУржпрж╝рж╛рж╣рзЗржжрж╛ржпрж╝рзЗрждрзЗрж░ ржмрж╛рждрж╛рж╕ржХрж┐ржнрж╛ржмрзЗ рж╕рж╛ржзрж╛рж░ржирзЗрж░ ржорж╛ржЭрзЗ ржкрзМржЫрзЗ ржпрж╛ржпрж╝ рждрж╛рж░ ржЬржирзНржп ржПржХржЯрж╛ ржорзЗрж╣ржирждржПржд ржорж╛ржирзБрж╖ ржпржЦржи ржПржХрждрзНрж░ рж╣ржпрж╝ ржЖрж▓рзНрж▓рж╛рж╣рж░ ржжрзНржмрзАржиржХрзЗ ржЬрж┐ржирзНржжрж╛ ржХрж░рж╛рж░ ржирж┐ржпрж╝рждрзЗ рждржЦржи ржЕржмрж╢рзНржпржЗ ржЖрж▓рзНрж▓рж╛рж╣ рж░рж╣ржорждрзЗрж░ ржЫрж╛ржпрж╝рж╛ ржжрзЗржиржХрж┐ржирзНрждрзБ ржжрзВрж░ ржерзЗржХрзЗ ржжрзЗржЦрзЗ ржЬрж┐ржХрж┐рж░ ржЖржЬржЧрж╛рж░ ржоржирзЗ рж╣ржмрзЗржЬрж┐ржХрж┐рж░ржЗ рж╣ржЪрзНржЫрзЗ рждржмрзЗ ржЖрж▓рзНрж▓рж╛рж╣рж░ ржЖрж▓рзЛржЪржирж╛ржУ ржпрзЗ ржЬрж┐ржХрж┐рж░ ржПржЯрж╛ ржЖржЧрзЗ ржмрзБржЭрждрзЗ рж╣ржмрзЗ рж╢рзЗрж╖рзЗ ржПржЯрж╛ ржЖржмрж╛рж░ ржмрж▓ржмржорж┐ржбрж┐ржпрж╝рж╛ ржПржЧрзБрж▓рж╛ ржмрзЗрж╢рж┐ ржХрж░рзЗ ржХрж┐ ржмрзЛржЭрж╛рждрзЗ ржЪрж╛ржЗржЫрзЗ ржЖржорж╛рж░ рж╕ржирзНржжрзЗрж╣ ржерзЗржХрзЗржЗ ржпрж╛ржпрж╝,bd,TRUE,0,0,1,0,0,0,0,0,1,1,0,10011,,
ржХрж╛ржжрзЗрж░ рж╕рж╛рж╣рзЗржм ржЖржкржирж┐ ржХрж┐ ржХрж░рзЗ ржЪрж┐ржирзНрждрж╛ ржХрж░рзЗржи ржпрзЗ ржЬржиржЧржг ржЖржкржирж╛ржжрзЗрж░ржХрзЗ рж╕ржорж░рзНржержи ржХрж░ржмрзЗ ржЖрж░ ржЖржУржпрж╝рж╛ржорж┐ рж▓рж┐ржЧ рж╣рж╛ржд ржЧрзБржЯрж┐ржпрж╝рзЗ ржмрж╕рзЗ ржерж╛ржХржмрзЗ,bd,TRUE,0,1,0,0,0,0,0,0,1,0,0,54996,,
ржпрж╛рж░ ржЗржорж╛ржиржЗ ржирж╛ржЗ рж╕рзЗ ржЖржмрж╛рж░ ржлрзБрж▓ рж╣ржпрж╝ ржХрж┐ржнрж╛ржмрзЗ ржмрж┐рж╢рзНржм ржЬржВржЧрзАржмрж╛ржжрзАржжрзЗрж░ рж╕рзГрж╖рзНржЯрж┐ ржиржмрзА рж╕рж╛ржГ ржмрж┐ржжрзНржмрзЗрж╖рзА рж╕рж╛рж╣рж╛ржмрж╛ рж░рж╛ржГ ржмрж┐ржжрзНржмрзЗрж╖рзА рждрж╛ржХрзЗ ржпрждржЗ ржлрзБрж▓ ржмрж╛ржирж╛ржирзЛрж░ ржЪрзЗрж╖рзНржЯрж╛ ржХрж░рж╛ рж╣ржмрзЗ ржжрзБржЧрзНржз ржЫржбрж╝рж╛ржмрзЗ,bd,TRUE,0,0,1,0,0,1,1,1,0,0,1,9812,,
ржХрж╕ ржХрж┐ ржЖржорж░рж╛ рж╕рж╛ржзрж╛рж░ржг ржорж╛ржирзБрж╖рж╣рж▓рзЗ рз╖ рждрзЛрж░рж╛ ржХрж┐ ржЕрж╕рж╛ржзрж╛рж░ржи ржорж╛ржирзБрж╖ рз╖ ржЬржпрж╝рзА рж╣ржУржпрж╝рж╛рж░ ржЖржЧрзЗржЗ ржЖржорж╛ржжрзЗрж░ ржЖрж▓рж╛ржжрж╛ ржХрж░рзЗ ржжрж┐рж▓рж┐,bd,TRUE,0,0,0,0,1,0,0,1,1,0,0,55876,,
ржП ржирж╛рж╕рзНрждрж┐ржХ ржХрзЛржи ржзрж░рзНржорзЗ ржмрж┐рж╢рзНржмрж╛рж╕рзА ржирж╛ ржпржжрж┐ ржзрж░рзНржорзЗ ржмрж┐рж╢рзНржмрж╛рж╕рзА рж╣ржд ржкржмрж┐рждрзНрж░ ржХрзБрж░ржЖржиржХрзЗ ржЕржмрж╣рзЗрж▓рж╛ ржХрж░рзЗ ржХржерж╛ ржмрж▓рж╛рж░ рж╕рж╛рж╣рж╕ ржХрж░ржд ржирж╛ ржХрзЛрж░ржЖржирзЗ ржШрзЛрж╖ржгрж╛ ржХрж░рж╛ рж╣ржпрж╝рзЗржЫрзЗ ржЖрж▓рзНрж▓рж╛рж╣рж░ ржЬржорж┐ржирзЗ ржЖрж▓рзНрж▓рж╛рж╣рж░ ржжрзНржмрзАржи ржкрзНрж░рждрж┐рж╖рзНржарж╛ ржкрзНрж░рждрзНржпрзЗржХ ржЗржорж╛ржиржжрж╛рж░рзЗрж░ ржжрж╛ржпрж╝рж┐рждрзНржм,bd,TRUE,0,0,1,0,0,1,0,1,1,0,0,189756,,
ржпрж╛рж░ ржмрж▓рзЗ ржзрж░рзНржо ржпрж╛рж░ ржпрж╛рж░ ржЙрзОрж╕ржм рж╕ржмрж╛рж░ рждрж╛ржжрзЗрж░ ржПржЗ ржХржерж╛ ржХрзЛржирзЛ рж╣рж┐ржирзНржжрзБ ржмрж▓рзЗ рж╕рзЗржХрж┐ ржЧрж░рзБрж░ ржЧрзЛрж╕ ржЦрж╛ржмрзЗ ржмрж╛ ржИржжрж▓ ржлрж┐рждрж░ ржПржмржВ ржИржжрзБрж▓ ржЖржпрж╣рж╛рж░ ржирж╛ржорж╛ржЬ ржкржбрж╝ржмрзЗ ржЖржорж╛ржжрзЗрж░ рж╕рж╛ржерзЗ ржЖрж░ ржзрж░рзНржо ржпрж╛рж░ ржпрж╛рж░ ржЙрзОрж╕ржм рж╕ржмрж╛рж░ ржпржжрж┐ ржХрзЛржирзЛ ржорзБрж╕рж▓рж┐ржо ржмрж▓рзЗ рж╕рзЗржХрж┐ рж╢рзБржпрж╝рзЛрж░рзЗрж░ ржЧрзЛрж╕ ржЦрж╛ржмрзЗ,bd,TRUE,0,0,1,0,0,0,0,1,1,0,0,544112,,
ржУржмрж╛ржпрж╝ржжрзБрж▓ ржХрж╛ржжрзЗрж░ рж╣ржЪрзНржЫрзЗ ржмрж╛ржВрж▓рж╛ржжрзЗрж╢рзЗрж░ ржорж╛ржирзБрж╖рзЗрж░ ржмрж┐ржирзЛржжржи ржкрж╛ржЧрж▓рзЗ ржХрж┐ржирж╛ ржмрж▓рзЗ ржЖрж░ ржЫрж╛ржЧрж▓рзЗ ржХрж┐ржирж╛ ржЦрж╛ржпрж╝ ржХрж╛ржЙржпрж╝рж╛ ржЖрж╕рж▓рзЗржЗ ржХрж╛ржЙржпрж╝рж╛ рж░ржпрж╝рзЗ ржЧрзЗрж▓рзЛ ржХрзЗ ржХрзЗ ржПржХржоржд,bd,TRUE,0,1,0,0,0,1,1,0,0,0,1,230368,,
ржХржерж╛ ржХрж┐ржирзНрждрзБ рж╕рждрзНржп рждрзБржорж┐ ржпрж╛ ржжрзЗрж╢рзЗрж░ ржЯрж╛ржХрж╛рж░ ржжрзБрж░рзНржирзАрждрж┐ ржХрж░рзЗ ржмрж┐ржжрзЗрж╢ ржкрж╛ржарж╛ржЗржЫрзЗ рж╕рзЗржЯрж╛ ржЖржорж░рж╛ ржмржЫрж░ ржХрж╛ржорж╛ржЗ ржХрж░рждрзЗ ржкрж╛рж░ржмрзЛ ржирж╛,bd,TRUE,0,1,0,0,0,1,0,0,1,0,0,59509,,
ржПржд ржмржбрж╝ ржорж┐ржерзНржпрж╛ржЪрж╛рж░ ржЖрж▓рзНрж▓рж╛рж╣ ржЖржкржирж╛ржжрзЗрж░ ржХржЦржиржУ ржХрзНрж╖ржорж╛ ржХрж░ржмрзЗ ржирж╛ ржПржХржЬржи рж╕рзО ржкрзНрж░ржлрзЗрж╕рж░ ржПрж░ ржХрж╛ржЫрзЗ ржерзЗржХрзЗ ржЬрж╛рждрж┐ ржПрждржмржбрж╝ ржорж┐ржерзНржпрж╛ржЪрж╛рж░ ржЬрж╛рждрзА ржЖрж╢рж╛ ржХрж░рзЗ ржирж╛ржлржЦрж░рзБрж▓ рж╕рж╛рж╣рзЗржм,bd,TRUE,0,1,0,0,0,1,1,0,1,0,0,188673,,
рж╣рж┐ржирзНржжрзБ ржзрж░рзНржо ржЖрж╕рж▓рзЗржЗ ржХрзЛржи ржзрж░рзНржо ржиржпрж╝ рждрж╛ржжрзЗрж░ ржкрзНрж░ржзрж╛ржи ржзрж░рзНржоржЧрзНрж░ржирзНрже рж░рж┐рж╕рж╛рж░рзНржЪ ржХрж░рж▓рзЗржЗ ржХрзЛржи рж╣рж┐ржирзНржжрзБ ржЖрж░ рж╣рж┐ржирзНржжрзБ ржерж╛ржХрзЗ ржирж╛ ржнрж╛рж░рждрзЗрж░ рзмрзл ржХрзЛржЯрж┐ рж╣рж┐ржирзНржжрзБ ржпрж╛ржХрзЗ ржнржЧржмрж╛ржирзЗрж░ ржорждрзЛржЗ ржоржирзЗ ржХрж░рждрзЛ рж╕рзЗржЗ ржбржГ рж╢рж┐ржмрж╢ржХрзНрждрж┐ рззрзлрзирзж ржЯрж╛ ржнрж╛рж╖рж╛ржпрж╝ ржбрж┐ржЧрзНрж░рзА ржЕрж░рзНржЬржи ржХрж░рзЗ рж╢рзЗрж╖ ржкрж░рзНржпржирзНржд ржорзБрж╕рж▓ржорж╛ржиржжрзЗрж░ ржзрж░рзНржорзА ржЗрж╕рж▓рж╛ржо ржзрж░рзНржо ржЧрзНрж░рж╣ржг ржХрж░рзЗржЫрзЗржи ржЖрж░ ржПржХржЯрж╛ рж╕рждрзНржпрж┐ ржХржерж╛ ржкрзГржерж┐ржмрзАрж░ рж╕ржХрж▓ ржзрж░рзНржо ржЧрзНрж░ржирзНржерзЗрж░ ржоржзрзНржпрзЗ ржПржХржорж╛рждрзНрж░ ржЖрж▓ ржХрзЛрж░ржЖржи ржорзБржЦрж╕рзНрже ржЖржЫрзЗ ржХрзЛржЯрж┐ ржХрзЛржЯрж┐ рж╣рж╛ржлрзЗржЬрзЗрж░ рж╕ржХрж▓ ржзрж░рзНржо ржЧрзНрж░ржирзНрже ржирж╖рзНржЯ рж╣ржпрж╝рзЗ ржЧрзЗрж▓рзЗржУ ржЖржмрж╛рж░ржУ ржЖрж▓ ржХрзЛрж░ржЖржи рж▓рзЗржЦрж╛ рж╕ржорзНржнржм ржЗржирж╢рж╛ржЖрж▓рзНрж▓рж╛рж╣,bd,TRUE,0,0,1,0,0,1,1,0,1,0,0,544170,,
ржирждрзБржи ржХрж╛рж░рж┐ржХрзБрж▓рж╛ржо ржПрж░ рж╢рж┐ржХрзНрж╖рж╛ ржмрзНржпржмрж╕рзНржерж╛ ржнржмрж┐рж╖рзНржпрзО ржЬрж╛рждрж┐рж░ ржирзИрждрж┐ржХрждрж╛ ржзрзНржмржВрж╕рзЗрж░ ржкрзНрж░ржзрж╛ржи ржХрж╛рж░ржг ржЖрж╕рж▓рзЗ ржХрзНрж╖ржорждрж╛ ржЪрж┐рж░ржХрж╛рж▓ ржерж╛ржХрзЗ ржирж╛ ржкрзНрж░ржХрзГрждрж┐рж░ ржХрж┐ржЫрзБ ржирж┐ржпрж╝ржо ржерж╛ржХрзЗ ржПржХржжрж┐ржи ржирж╛ ржПржХржжрж┐ржи ржарж┐ржХржЗ ржмрзБржЭржмрзЗржи ржПржЗ рж╢рж┐ржХрзНрж╖рж╛ ржмрзНржпржмрж╕рзНржерж╛ ржорзБрж╕рж▓рж┐ржо ржХрзЛржи ржжрзЗрж╢рзЗрж░ ржЬржирзНржп рж╣рждрзЗ ржкрж╛рж░рзЗ ржирж╛ ржПржЗ рж╢рж┐ржХрзНрж╖рж╛ ржмрзНржпржмрж╕рзНржерж╛ ржоржирзБрж╖рждрзНржмржмрзЛржз ржЬрж╛рждрж┐ ржЧржаржи ржХрж░рждрзЗ ржкрж╛рж░ржмрзЗржирж╛,bd,TRUE,0,0,1,0,0,1,1,0,1,0,0,230159,,
ржорзВрж▓рзНржп ржХржд ржЖрж▓рзНрж▓рж╛рж░ ржорж╛рж▓ ржЖрж▓рзНрж▓рж╛рж╣ ржирж┐рж▓рзЗ ржорж╛ржирзБрж╖ ржХрзЗржи ржорзВрж▓рзНржп ржжрзЗржмрзЗ ржЖрж░ ржжрзЗржмрж╛рж░ ржХрж┐ ржЗ ржмрж╛ ржХрзНрж╖ржорждрж╛ рж░рж╛ржЦрзЗ ржХржерж╛ ржПржХржЯрзБ рж╣рзБрж╕рзЗ ржмрж▓ ржорж╛рж▓ржмрзЗрж╢рзА ржкрзЗржЯрзЗ ржкрж░рзЗржЫрзЗ ржирж╛ржХрж┐,bd,TRUE,0,0,1,0,0,1,1,0,0,0,0,199090,,
ржХржерж╛ ржкрж░рж┐рж╖рзНржХрж╛рж░ ржлрзЗрж╕ржмрзБржХрзЗрж░ ржмрж╛рж╣ржмрж╛ ржХрж┐ржВржмрж╛ ржЯрзНрж░рж▓рзЗрж░ ржЙржкрж░ ржнрж┐рждрзНрждрж┐ ржХрж░рзЗ ржЗрж╕рж▓рж╛ржорж┐ ржЖржирзНржжрзЛрж▓ржи рж░рж╛ржЬржирзАрждрж┐ ржХрж░рзЗ ржирж╛ рждрж╛ржБрж░рж╛ рждрж╛ржБржжрзЗрж░ рж▓ржХрзНрж╖ржмрж╕рзНрждрзБ ржУ ржирзАрждрж┐ ржЖржжрж░рзНрж╢рзЗрж░ ржЙржкрж░ ржнрж┐рждрзНрждрж┐ ржХрж░рзЗ ржкрж░рж┐ржХрж▓рзНржкржирж╛ ржЕржирзБржпрж╛ржпрж╝рзА рж░рж╛ржЬржирзАрждрж┐ ржХрж░рзЗ,bd,TRUE,0,1,1,0,0,0,0,0,1,0,0,221510,,
ржЖржмрзВ ржмрж╛ржХрзНрж░рж╛рж╣рзН рж░рж╛ржГ ржерзЗржХрзЗ ржмрж░рзНржгрж┐рждржГ рждрж╛ рж╣рж▓ ржиржмрзА рж╕рж╛рж▓рзНрж▓рж╛рж▓рзНрж▓рж╛рж╣рзБ ржЖрж▓рж╛ржЗрж╣рж┐ ржУржпрж╝рж╛ рж╕рж╛рж▓рзНрж▓рж╛ржоржПрж░ ржирж┐ржХржЯ ржпржЦржи ржП ржЦржмрж░ ржкрзМржЫрж▓ ржпрзЗ ржкрж╛рж░рж╕рзНржпрзЗрж░ рж▓рзЛржХрзЗрж░рж╛ ржХрж┐рж╕рзНрж░рж╛рж░ ржорзЗржпрж╝рзЗржХрзЗ рждрж╛ржжрзЗрж░ рж╢рж╛рж╕ржХ ржирж┐ржпрзБржХрзНржд ржХрж░рзЗржЫрзЗ рждржЦржи рждрж┐ржирж┐ ржмрж▓рж▓рзЗржиржГ рж╕рзЗ ржЬрж╛рждрж┐ ржХржЦржирзЛ рж╕ржлрж▓ржХрж╛ржо рж╣ржмрзЗ ржирж╛ ржпрж╛рж░рж╛ рждрж╛ржжрзЗрж░ рж╢рж╛рж╕ржиржнрж╛рж░ ржХрзЛржи рж╕рзНрждрзНрж░рзАрж▓рзЛржХрзЗрж░ рж╣рж╛рждрзЗ ржЕрж░рзНржкржг ржХрж░рзЗ ржлрзБржЯржирзЛржЯржГ рззрзмрзж ржорзБрж╕рж▓ржорж╛ржирж░рж╛ ржпржжрж┐ рж╕ржлрж▓рждрж╛ ржкрзЗрждрзЗ ржЪрж╛ржпрж╝ рждржмрзЗ рждрж╛ржжрзЗрж░ржХрзЗ ржЕржмрж╢рзНржпржЗ ржирж╛рж░рзА ржирзЗрждрзГрждрзНржм ржкрж░рж┐рж╣рж╛рж░ ржХрж░рждрзЗ рж╣ржмрзЗ рж╕рж╣рж┐рж╣ ржмрзБржЦрж╛рж░рзА рж╣рж╛ржжрж┐рж╕ ржиржВ рзнрзжрзпрзп рж╣рж╛ржжрж┐рж╕рзЗрж░ ржорж╛ржи рж╕рж╣рж┐рж╣ рж╣рж╛ржжрж┐рж╕,bd,TRUE,1,0,0,0,0,0,0,1,1,0,0,713167,,
ржЖрж╕рж▓рзЗржЗ ржХрж┐ рж░рзЛржЬрж╛рж░ ржЙржжрзНржжрзЗрж╢рзНржп ржПржоржи ржпрзЗ ржмрзЗржкрж░рзНржжрж╛ ржЦрзЛрж▓рж╛ржорзЗрж▓рж╛ рж╣ржпрж╝рзЗ ржкрзБрж░рзЛ ржкрж░рж┐ржмрж╛рж░ ржирж┐ржпрж╝рзЗ рж╣рзИрж╣рзБрж▓рзНрж▓рзЛржбрж╝ ржХрж░рзЗ рж░рзЗрж╕рзНржЯрзБрж░рзЗржирзНржЯрзЗ ржЧрж┐ржпрж╝рзЗ рж╕рзЗрж╣рзЗрж░рж┐ ржЦрзЗржпрж╝рзЗ ржХрзЛржи рж░ржХржорзЗрж░ ржирж╛ржорж╛ржЬ ржХрж╛рж▓рж╛ржорзЗрж░ рждрзЛржпрж╝рж╛ржХрзНржХрж╛ ржирж╛ ржХрж░рзЗ рж╢рзБржзрзБ ржЙржкрзЛрж╖ ржХрж░рж╛,bd,TRUE,0,0,1,0,0,0,0,1,1,1,0,721617,,
"Es gibt bereits vereinzelte Eins├дtze von Bodentruppen in Gaza.
 
 @URL",de,FALSE,0,0,0,0,0,0,0,0,0,0,0,german_reddit_f4e94376dce4ec7ce9e01fc22,,
Lass dich nicht aufhalten. Es gibt eine ukrainische Fremdenlegion. Da kannst du dich melden.,de,FALSE,0,0,0,0,1,1,0,0,0,0,0,german_reddit_731b0c7627da7d57ba6cb0184,,
Klingt f├╝r mich nach Long COVID,de,FALSE,0,0,0,0,0,0,0,0,0,0,0,german_reddit_9e2585216cdaa3247e6841526,,
Wenn ich schon wieder dieses Woke lese. Der AfD ist sogar unser Grundgesetz zu Woke. H├╢rt auf das Wort so inflation├дr zu gebrauchen.,de,FALSE,0,0,0,0,1,0,1,0,0,0,0,german_reddit_42161087c6fadc90fb9d80f78,,
"Auch eine Schilddr├╝senunterfunktion schw├дcht das Immunsystem. 
 TSH, fT3 und fT4 Wert testen lassen, falls sie noch andere Symptome einer Unterfunktion hat",de,FALSE,0,0,0,0,0,0,0,0,0,0,0,german_reddit_b4f93901bbef0d68e54d46cbe,,
CO2 ist gut f├╝r Pflanzen,de,FALSE,0,0,0,0,0,0,0,0,0,0,0,german_reddit_b5551a1252c2c4548ce2d603d,,
Wann war die letzte Anti-Islamismus-Demo?,de,FALSE,0,1,1,0,0,0,0,0,0,1,0,german_reddit_518e29671856be0f033e23950,,
wurde heute von der katze geweckt ЁЯе░,de,FALSE,0,0,0,0,0,0,0,0,0,0,0,german_twitter_9436,,
Klopapier! Seit Corona g├╢nn ich mir Luxus,de,FALSE,0,0,0,0,0,0,0,0,0,0,0,german_reddit_885ee428c7746c66612aabdd0,,
"Ja, muss schon wieder Zeit f├╝r 5G-Impfung sein",de,FALSE,0,0,0,0,1,1,0,0,0,0,0,german_reddit_2cc7a53627cda2f3c9cb97cab,,
Gibt sogar recht viele Ex-Muslime. Alles sehr vern├╝nftige Leute.,de,TRUE,0,0,1,0,0,0,0,0,1,0,0,german_reddit_f7bd2b48a9faff76c0e9f39e2,,
"Das sind keine Extremisten sondern relativ normale Muslime. Extremisten ziehen in den Krieg und enthaupten ""Ungl├дubige"" (meistens andere Muslime). Normale haben Muslime nur eine strenge Sexualmoral sowie hier.",de,TRUE,0,1,1,0,0,1,0,1,1,0,1,german_reddit_d4563a4d08426ef4f4f89bc6d,,
"N├╢, aber alle im Ausland lebenden nationalistischen T├╝rken sind irgendwie nach Definition im Ausland lebende T├╝rken und um die wird es vermutlich auch in Threads gehen wo sich einheimische T├╝rken ├╝ber ""Gurbet├зi"" aufregen",de,TRUE,0,1,0,1,0,1,1,1,1,0,0,german_reddit_93071506b3d5a46dab8c51e9d,,
"Was laberst du?
 
 Aufgrund des extrem schnellen Bev├╢lkerungswachstums in gr├╢├Яtenteils muslimischen L├дndern wird der Anteil der Muslime an der Weltbev├╢lkerung bis 2050 um ca. 5 Prozentpunkte steigen, w├дhrend der Anteil der Konfessionslosen an der Weltbev├╢lkerung sinkt.
 
 @URL",de,TRUE,0,1,1,1,0,0,1,1,1,0,0,german_reddit_daf06314dbfcd637bef9fc5df,,
"Kriegstreiber! Auch ihr, die Propagandapresse!!!",de,TRUE,0,1,0,0,1,1,1,1,1,0,0,german_twitter_4201,,
Steuerzahler und Juden,de,TRUE,0,0,1,1,0,0,0,1,0,0,1,german_reddit_05e3f7ab97b65e0044aae2a2c,,
Ja die T├╝rken leiden sehr stark unter ihrem links gr├╝n versifften Erdogan. Muss man wissen. :D,de,TRUE,0,1,0,1,1,1,1,1,0,1,0,german_reddit_12e32d043cfbc3c40fc19c313,,
Die Klima Armee Fraktion wird kommen.,de,TRUE,0,1,0,0,1,1,0,1,1,0,0,german_reddit_9e8c55dbe737eb5c47bf2ef3b,,
"Das klingt als wuerdest du hier ein Feminismus-Gotcha aus deiner Wahrnehmung ableiten wo objektiv keines ist. Ich hab noch nie jemandes ernsthaft behauten hoeren das speziell Frauen Kriegstreiber sind, eher das Gegenteil.",de,TRUE,1,1,0,0,0,0,1,1,0,0,0,german_reddit_62b75c52e940b99203939981d,,
"Denk ich nicht, nein. Migration ist deren Kernthema.",de,TRUE,0,1,0,0,0,0,0,1,0,0,0,german_reddit_e92d56d442d394701804be875,,
The EU is increasing military aid to Ukraine to one billion euros the press release on the website of the Council of Europe.,en,FALSE,0,0,0,0,0,0,0,0,0,0,0,english_2675,,
House drafts bill to strike Iran proxies amid IsraelHamas,en,FALSE,0,0,0,0,0,0,0,0,0,0,0,english_1394,,
Contested races across county early voting,en,FALSE,0,0,0,0,0,0,0,0,0,0,0,english_1093,,
Dem bill would hold West Bank settlers accountable for violence Doubt it,en,FALSE,0,0,0,0,0,0,0,0,0,0,0,english_141,,
Local woman gets a death threat after flying Trump MAGA,en,FALSE,0,0,0,0,0,0,0,0,0,0,0,english_1571,,
"Unmask ChildrenParents rights, energy, and border security.",en,FALSE,0,0,0,0,0,0,0,0,0,0,0,english_2795,,
All in the Family: Sheriff's Son Is New DPS Officer,en,FALSE,0,0,0,0,0,0,0,0,0,0,0,english_968,,
"The House passed another 40B military aid package to Ukraine, wheres the money coming from?????",en,FALSE,0,0,0,0,0,0,0,0,0,0,0,english_2679,,
Republicans weigh expelling Matt Gaetz after booting,en,FALSE,0,0,0,0,0,0,0,0,0,0,0,english_1773,,
Find yourself a west bank settler gf,en,TRUE,1,1,0,0,0,1,0,1,0,0,0,english_2228,,
Fascist oligarchs now control the USA,en,TRUE,0,1,0,0,0,1,1,0,0,0,0,english_188,,
Someone end this lunatic before he starts ethnic cleansing,en,TRUE,0,1,0,1,0,1,1,1,0,0,0,english_598,,
Hi apartheid state the one and only remaining 1.,en,TRUE,0,1,0,1,0,1,0,0,0,1,0,english_2280,,
"When I hear things like ""stooge for Russian aggression"" I know who the real stooge is",en,TRUE,0,1,0,0,1,1,0,1,1,1,0,english_2858,,
Its no coincidence that today because of these progressive policies we now have an open air drug market. Hmmmm,en,TRUE,0,1,0,0,0,1,0,0,1,0,0,english_2396,,
Go to democrats and sabotage democrats.,en,TRUE,0,1,0,0,0,0,1,0,0,0,0,english_2253,,
"Does that cover lies about a stolen election, Gym?",en,TRUE,0,1,0,0,0,0,0,0,1,1,0,english_2197,,
Apparently the Hamas attack was the weathers fault.,en,TRUE,0,1,0,1,0,1,0,0,1,0,1,english_2091,,
November 3rd was a stolen election,en,TRUE,0,1,0,0,0,0,1,0,1,0,0,english_2495,,
Defund the Castleton Police Department DefundThePolice,en,TRUE,0,1,0,0,0,0,1,0,0,0,0,english_2167,,
guerra? que guerra? es una invasion,es,FALSE,0,1,0,0,0,0,1,0,1,1,0,spanish_145,,
"fake, el personaje es de ascendencia judia",es,FALSE,0,0,0,0,0,0,0,0,0,0,0,spanish_129,,
guerra mundial? solo hay paises en guerra no es mundial.,es,FALSE,0,1,0,0,0,0,1,0,0,1,0,spanish_142,,
"cierto, porque tenian un presidente decente y el lobby judio era precisamente el perseguido.",es,FALSE,0,0,1,0,0,0,0,1,0,0,0,spanish_588,,
normal si tu es un musulman,es,FALSE,0,0,0,0,0,0,0,0,0,0,0,spanish_276,,
la escuela feminista de pintura,es,FALSE,0,0,0,0,0,0,0,0,0,0,0,spanish_929,,
la cancion que me representa ahora que estoy deportado de los estados unidos.,es,FALSE,0,0,0,0,0,0,0,0,0,0,0,spanish_920,,
"claudia es judia, que no manche",es,FALSE,0,0,1,0,0,1,0,0,0,0,0,spanish_53,,
"cualquier guerra es ridicula.
cualquier guerra mundial es mundialmente ridicula.",es,FALSE,0,1,0,0,0,0,0,1,0,0,0,spanish_61,,
alguien mas ha leido zorra con patatas?,es,FALSE,0,0,0,0,1,0,1,0,0,1,0,spanish_524,,
"aypordios que llorera. martinez ares, feminista del ano ya.",es,TRUE,1,1,0,0,0,1,0,0,0,1,0,spanish_556,,
"desde que me entere que ese termino ""toxico algo"" es una invencion evangelica ya no lo uso, cuidado que esconde discursos de odio",es,TRUE,0,1,1,0,0,1,0,1,0,0,0,spanish_666,,
cualquier vago se hace pastor evangelico,es,TRUE,0,0,1,0,1,1,0,1,0,0,0,spanish_622,,
la reina de la corrupcion!,es,TRUE,0,1,0,0,1,1,0,0,1,0,0,spanish_1745,,
a vos? trolita evangelica,es,TRUE,0,0,1,0,0,1,0,0,0,0,0,spanish_497,,
"argentino y judio, bastante castigo de dios tienes tu ya.",es,TRUE,0,1,1,1,0,1,0,1,0,0,0,spanish_544,,
tan enfermo estas . indio,es,TRUE,0,0,0,1,0,1,0,1,0,1,0,spanish_1932,,
judio zionista traidor de cristo sos el anticristo.,es,TRUE,0,1,1,1,0,1,1,1,0,0,0,spanish_177,,
orgulloso de sacarle la conchetumare a un pastor evangelico por meterse en weas que no debia.,es,TRUE,0,0,1,0,0,1,1,0,0,0,1,spanish_1138,,
la zorra al cuidado de las gallinas. pais de mierda.,es,TRUE,1,1,0,0,1,1,1,1,0,0,1,spanish_195,,
╪к┘И ┌й┘Ж┌п╪▒┘ЗтАМ█М █▒█▒█╡╪М ╪м┘Д╪│┘З ┌п╪░╪з╪┤╪к┘Ж ┌й┘З ╪и╪▒╪▒╪│█М ┌й┘Ж┘Ж ╪▒┘И╪│█М┘З ┌Ж╪м┘И╪▒█М ╪к┘И ╪з┘Ж╪к╪о╪з╪и╪з╪к ╪п╪о╪з┘Д╪к ┌й╪▒╪п┘З ╪и┘И╪п╪М ╪м┘Д┘И█М ┌й┘Е█М╪к┘З ╪з╪╖┘Д╪з╪╣╪з╪к ╪│┘Ж╪з,fa,FALSE,0,1,0,0,0,0,0,0,0,0,0,,,
╪▒┘И╪з█М╪к ┘╛┘Ж╪з┘З┘Ж╪п┌п╪з┘Ж█М ┌й┘З ╪к┘И█М ╪и┘И█М╪▓█М ╪о┘И┘Ж┘З ┘╛█М╪п╪з ┌й╪▒╪п┘Ж ( ╪з╪▓  ┘Ж╪┤╪▒█М┘З),fa,FALSE,0,0,0,0,0,0,0,0,0,0,0,,,
┘Б█М┘Ж╪│╪к╪▒╪з ╪п╪з╪▒┘З ╪п╪▒╪и╪з╪▒┘З┘Ф ╪з┌й╪л╪▒█М╪к ╪м╪п█М╪п ╪м┘Е┘З┘И╪▒█МтАМ╪о┘И╪з┘ЗтАМ┘З╪з ╪к┘И ┘Е╪м┘Д╪│ ╪н╪▒┘Б ┘Е█МтАМ╪▓┘Ж┘З╪М ┘З┘Е┘И┘Ж ┌п╪▓╪з╪▒╪┤┘Р ┘Е╪м┘Д┘ЗтАМ█М ╪в█М┘И╪з ┘Ж┘И╪▒╪ктАМ┘И╪│╪к.,fa,FALSE,0,0,0,0,0,0,0,0,0,0,0,,,
█М┘З ╪▓┘Ж ┘Е╪н┘Д█М ┘И┘В╪к█М ┘╛╪▒┌Ж┘Е ╪к╪▒╪з┘Е┘╛ ┘И MAGA ╪▒┘И ╪▓╪п┘З ╪и┘И╪п╪М ╪к┘З╪п█М╪п ╪и┘З ┘Е╪▒┌п ╪┤╪п.,fa,FALSE,0,0,0,0,0,0,0,0,0,0,0,,,
┌й╪│█М ┘З╪│╪к ┌й┘З ╪и╪к┘И┘Ж┘З ╪к╪▒╪з┘Е┘╛ ╪▒┘И ╪к┘И ╪в█М┘И┘И╪з ╪┤┌й╪│╪к ╪и╪п┘З╪Я,fa,FALSE,0,0,0,0,0,0,0,0,0,0,0,,,
┘Ж┘З ╪и┘З ┘Е╪з╪│┌й ╪и╪▒╪з█М ╪и┌Ж┘ЗтАМ┘З╪з╪Ы ╪в╪▒┘З ╪и┘З ╪н┘В┘И┘В ┘И╪з┘Д╪п█М┘Ж╪М ╪з┘Ж╪▒┌Ш█М╪М ┘И ╪з┘Е┘Ж█М╪к ┘Е╪▒╪▓┘З╪з,fa,FALSE,0,0,0,0,0,0,0,0,0,0,0,,,
┘З┘Е┘ЗтАМ┌Ж█М ╪п╪▒ ╪о╪з┘Ж┘И╪з╪п┘З ┘Е█МтАМ┘Е┘И┘Ж┘З: ┘╛╪│╪▒ ┌й┘Д╪з┘Ж╪к╪▒ ╪з┘Б╪│╪▒ ╪м╪п█М╪п ╪з╪п╪з╪▒┘З ╪з┘Е┘Ж█М╪к ╪┤╪п,fa,FALSE,0,0,0,0,0,0,0,0,0,0,0,,,
┘Е╪м┘Д╪│ █М┘З ╪и╪│╪к┘З ┌й┘Е┌й ┘Ж╪╕╪з┘Е█М █┤█░ ┘Е█М┘Д█М╪з╪▒╪п ╪п┘Д╪з╪▒█М ╪п█М┌п┘З ╪и╪▒╪з█М ╪з┘И┌й╪▒╪з█М┘Ж ╪к╪╡┘И█М╪и ┌й╪▒╪п╪Ы ┘╛┘И┘Д╪┤ ╪п┘В█М┘В╪з┘Л ╪з╪▓ ┌й╪м╪з ┘Е█М╪з╪п╪Я╪Я╪Я,fa,FALSE,0,0,0,0,0,0,0,0,0,0,0,,,
╪и╪╣╪п ╪з╪▓ ╪з╪о╪▒╪з╪м ╪з╪о█М╪▒╪М ╪м┘Е┘З┘И╪▒█МтАМ╪о┘И╪з┘З╪з┘Ж ╪п╪▒ ┘Б┌й╪▒ ╪з╪о╪▒╪з╪м ┘Е╪к ┌п█М╪к╪│ ┘З╪│╪к┘Ж╪п,fa,FALSE,0,0,0,0,0,0,0,0,0,0,0,,,
╪╖╪и┘В ╪и╪▒┘Ж╪з┘Е┘З╪М ┘Ж╪з╪к┘И ┘Е╪│╪ж┘И┘Д█М╪к ┘З┘Е╪з┘З┘Ж┌п█М ┌й┘Е┌йтАМ┘З╪з█М ┘Ж╪╕╪з┘Е█М ╪║╪▒╪и ╪и┘З ╪з┘И┌й╪▒╪з█М┘Ж ╪▒┘И ╪з╪▓ ╪в┘Е╪▒█М┌й╪з ╪к╪н┘И█М┘Д ┌п╪▒┘Б╪к┘З тАФ ╪и┘З ┌п┘Б╪к┘ЗтАМ█М █М┌й ┘Е┘Ж╪и╪╣╪М ╪з█М┘Ж ╪з┘В╪п╪з┘Е ╪и╪▒╪з█М ┘Е╪н╪з┘Б╪╕╪к ╪з╪▓ ╪з█М┘Ж ╪▒┘И┘Ж╪п ╪н┘Е╪з█М╪к█М ╪п╪▒ ╪и╪▒╪з╪и╪▒ ╪▒╪ж█М╪│тАМ╪м┘Е┘З┘И╪▒ ┘Е┘Ж╪к╪о╪и ╪в┘Е╪▒█М┌й╪з╪М ╪п┘И┘Ж╪з┘Д╪п ╪к╪▒╪з┘Е┘╛╪М ┌й┘З ╪и┘З ┘Ж╪з╪к┘И ╪и╪п╪и█М┘Ж ┘З╪│╪к╪М ╪з┘Ж╪м╪з┘Е ╪┤╪п┘З.,fa,FALSE,0,0,0,0,0,0,0,0,0,0,0,,,
┘╛╪│ ┘Б╪▒╪│╪к╪з╪п┘Ж ┌й┘Е┌й ┘Ж╪╕╪з┘Е█М ╪и┘З ╪з┘И┌й╪▒╪з█М┘Ж ╪▒╪з ┌Ж┘З ┘Е█МтАМ┘Ж╪з┘Е█М╪п╪Я,fa,TRUE,0,1,0,0,0,0,0,0,0,1,0,,,
╪╕╪з┘З╪▒╪з┘Л ╪н┘Е┘Д┘З┘Ф ╪н┘Е╪з╪│ ╪к┘В╪╡█М╪▒ ┘З┘И╪з ╪и┘И╪п┘З!,fa,TRUE,0,1,0,1,0,1,0,0,0,1,1,,,
█М┌й ╪│╪з┘Д ┘Е█М┘Д╪з╪п█М ╪п█М┌п┘З╪М █М┌й ┘Ж╪│┘ДтАМ┌й╪┤█М ╪п█М┌п┘З╪М ┘╛╪о╪┤ ╪▓┘Ж╪п┘З ╪и╪▒╪з█М ╪│╪▒┌п╪▒┘Е█М ╪┤┘Е╪з!  ┘Б┘Д╪│╪╖█М┘Ж╪М ╪з╪│╪▒╪з╪ж█М┘Д╪М ╪в┘Е╪▒█М┌й╪з╪М ┘Д╪и┘Ж╪з┘Ж╪М ┌й╪▒█М╪│┘Е╪│╪М ╪│╪з┘Д ┘Ж┘И...,fa,TRUE,0,1,1,1,0,0,1,0,1,0,0,,,
╪и╪▒┘И ╪│╪▒╪з╪║ ╪п┘Е┘И┌й╪▒╪з╪ктАМ┘З╪з ┘И ╪о╪▒╪з╪и╪┤┘И┘Ж ┌й┘Ж!,fa,TRUE,0,1,0,0,0,1,0,1,1,0,0,,,
╪з┘И┘Ж ╪┤╪з┘Е┘Д ╪п╪▒┘И╪║тАМ┘З╪з█М█М ╪п╪▒╪и╪з╪▒┘З┘Ф ╪к┘В┘Д╪и ╪п╪▒ ╪з┘Ж╪к╪о╪з╪и╪з╪к ┘З┘Е ┘Е█МтАМ╪┤┘Ж╪М ╪м█М┘Е╪Я,fa,TRUE,0,1,0,0,0,1,1,0,0,0,0,,,
╪╡┘З█М┘И┘Ж█М╪│┘Е ┘В┘Д╪и █М┘З┘И╪п█М╪к ╪з╪│╪к.,fa,TRUE,0,1,1,1,0,1,1,0,0,0,0,,,
╪з┘Ж╪к╪о╪з╪и╪з╪к ╪│┘И┘Е ┘Ж┘И╪з┘Е╪и╪▒ ╪▒┘И ╪п╪▓╪п█М╪п┘З ╪и┘И╪п┘Ж!,fa,TRUE,0,1,0,0,0,1,0,0,1,0,0,,,
┘Б┌й╪▒ ┘Е█МтАМ┌й┘Ж█М ╪з█М┘Ж┌й┘З ╪н┘Е╪з╪│ ╪з╪▓ ┘Е╪▒╪п┘Е ╪и┘З ╪╣┘Ж┘И╪з┘Ж ╪│┘╛╪▒ ╪з┘Ж╪│╪з┘Ж█М ╪з╪│╪к┘Б╪з╪п┘З ┘Е█МтАМ┌й┘Ж┘З╪М ┘Е█МтАМ╪к┘И┘Ж┘З ╪▒╪и╪╖█М ╪и┘З ╪з█М┘Ж ┘Е┘И╪╢┘И╪╣ ╪п╪з╪┤╪к┘З ╪и╪з╪┤┘З╪Я,fa,TRUE,0,1,0,1,0,1,1,1,1,1,1,,,
╪и┘З ┘З┘Е█М┘Ж ╪п┘Д█М┘Д┘З ┌й┘З ╪м┘Е┘З┘И╪▒█МтАМ╪о┘И╪з┘З╪з ╪п╪з╪▒┘Ж ╪│╪╣█М ┘Е█МтАМ┌й┘Ж┘Ж ╪н┘В ╪▒╪г█М ╪▓┘Ж╪з┘Ж ╪▒┘И ╪и┌п█М╪▒┘Ж!,fa,TRUE,1,1,0,0,0,1,0,0,1,0,0,,,
╪и╪▒┘И █М┘З ╪п┘И╪│╪ктАМ╪п╪о╪к╪▒ ╪┤┘З╪▒┘ГтАМ┘Ж╪┤█М┘Ж ╪к┘И█М ┌й╪▒╪з┘Ж┘З ╪и╪з╪о╪к╪▒█М ┘╛█М╪п╪з ┌й┘Ж!,fa,TRUE,1,1,0,1,0,0,0,0,0,0,0,,,
#saynotoalmajiri: touching story of almajiri boy who aspires to become a #governor someday! ##url тАж @username,ha,FALSE,0,0,0,0,0,0,0,0,0,0,0,hausa_4761,,
#arewahetoo is abused. ЁЯСЗЁЯСЗЁЯСЗ police arrest almajiri teacher over alleged sexual abuse of pupils. #almajirichild #abused #exploited #deprive #childrensday2019 @username ##url ##url,ha,FALSE,0,0,0,0,0,0,0,0,0,0,0,hausa_4592,,
ba mu harkar yahudawa ЁЯШВЁЯдн ##url,ha,FALSE,0,0,0,0,0,0,0,0,0,0,0,hausa_703,,
gidadawa a sunan wurin ko? ##url,ha,FALSE,0,0,0,0,0,0,0,0,0,0,0,hausa_4751,,
wata yar tiktok tace akwai qaracin tarbiyya a twitter.ЁЯШЕ wahala no de finish ЁЯШЕЁЯШЕЁЯШЕЁЯТФ,ha,FALSE,0,0,0,0,0,0,0,0,0,0,0,hausa_2240,,
@username nagode kaji wawiya,ha,FALSE,0,0,0,0,0,0,0,0,0,0,0,hausa_1599,,
@username na karya da maltina ЁЯдгЁЯШВ,ha,FALSE,0,0,0,0,0,0,0,0,0,0,0,hausa_2751,,
"We are at times or most of the times religiously stupid, that's just that... Duk wanda yake sin cutar damu sai ya zo da sunan addini. Haka muke tin fil-azal. Mi tatsine ya ce shi malami ne, a karshe ya halakar da yayan arewa. Muhammadu Yusuf ya halakarda dubbai da sunan addini.",ha,FALSE,0,0,0,0,0,0,0,0,0,0,0,hausa_173,,
@username mata marasa hankali sai tweeting suke yi,ha,FALSE,0,0,0,0,0,0,0,0,0,0,0,hausa_5158,,
@username shegiya yar arniyan buru uba jaka sarka daya wanka biyu dashi yar wahala otundo ##url,ha,FALSE,0,0,0,0,0,0,0,0,0,0,0,hausa_340,,
"so,almajiri cannot do his begging again ....issokay ...diarrisgodooo @username : mallam is dat u lookn Normal Hausa @username have to pay for this. jakunan banza yan wahala @username sunfiku kawo titles mah mtswwww Offensive Hausa @username this proves only one thing, that he met the govt. ni i heard his audio then, he was giving excuses that christian's dot interfere with their activities, but izala do, and that a vote for a christian means more peace, rather than dan izala. Normal Hausa true they'll even be calling you kabila ##url Normal Hausa ni wai dama gombe garin arna ne ko kudu ce? #justiceforbillirimuslims Normal Hausa @username go through my post and coming during pre presidential election. i warned my igbo brother not to make mistakes of aiding tinubu to presidency with the obedient movement, i told them tinubu guys in lagos and south west will show them shege . Normal Hausa @username see jamb scorer... ehen. i pass my jamb with flying colors 7years ago. go an read my bio... daqiqin jahili kawai. Offensive Hausa @username : gej = bh"" wanda ya bishi ma kafiri ne .. kuma ubansa ya daki hancin uwasssa",ha,TRUE,0,0,1,1,0,0,1,0,0,1,0,hausa_3796,,
"Kwankwaso yaba qaunar Zaman lpy da cigaban Kano, haka kace, to metasa yafi ku yawan magoya baya, ya qwace komai awajen ku, yabar ku kuna ta ihu kamar Karnuka.",ha,TRUE,0,1,0,0,0,0,0,0,0,0,1,hausa_1903,,
"In the history of Kano baтАЩa ta6a yan jagaliya bah irin yan Gandujiyya, munga me akai a inconclusive rai baтАЩa bakin komai yake ba akan biyan bukatunsu. тАЬKoda tsiya koda tsiya tsiyaтАЭ тАЬRanar zabe kada Allah ya kiyayeтАЭ wannan kadan daga maganganun da suka fito daga bakin shugaban jamiyyarku ne. Kun dawo da Aminu saboda ayi asarar rayuka da dukiya a garin nan, wannan mummunar manufar taku bazata faru ba bi iznilllahi",ha,TRUE,0,1,0,0,0,0,1,0,0,0,1,hausa_1897,,
"Wlh b wani gara a cikin su, da Iyamuri da Bayareben duk Yan iskan ne yanzu ba da hausawan Ake cutar mu ba",ha,TRUE,0,0,0,1,0,1,0,0,0,0,0,hausa_4100,,
"Wasa wasa fa Minister of Agriculture daqiqine, kamar ma Hayatee ce take gaya masa me ya kamata yayi ЁЯШВЁЯТА",ha,TRUE,0,1,0,0,0,0,1,1,0,0,0,hausa_4368,,
tun da akayi duniya ba asararre kamar talakan arne maisa cross din roba ЁЯШвЁЯШн @username,ha,TRUE,0,0,1,0,0,0,1,0,0,0,0,hausa_1460,,
Mufa yan Kaduna wani irin kallo ake mana kamar mu ba cikakkun musulmai ba ne you hear comments like kyankyasan inji yan bariki yen yen yen toh idan an isa idan mutum shi keda wuta ko aljanna ya hana mu shiga aljannar ya maka mu wutan. I hate nonsense.,ha,TRUE,0,0,1,1,0,0,0,1,0,0,0,hausa_709,,
Shi kuma @ShehuSani ai so yake yayi wa tinubu aiki domin a cigaba da azabtar da yan Nigeria,ha,TRUE,0,1,0,0,0,0,1,0,0,0,1,hausa_4500,,
"Babu yadda xaai mutum ya bar hanyar Allah kuma ya ga yadda yake so dole ya rin╞Щa haduwa da yan tasha yan uwansa, kinbar gida kin zo wani gari Kin tare taya zaai kema Allah yai miki yadda kike so,",ha,TRUE,1,0,1,0,0,0,0,1,0,0,0,hausa_1278,,
Allah ya kyauta wai sarki da taka mota yana mika gaisuwa wannan san mulki naka ale Aminu dame yayi kama ЁЯдгЁЯдг @Miniko_jnr @Asad_Mukty @INYAMURI @Tkr__khalifa Kings Wani Rashin Daraja a Gurin AMINU BLACKЁЯШЕЁЯШЕЁЯШЕ,ha,TRUE,0,1,0,0,0,0,0,1,0,0,0,hausa_4141,,
Anurag thakur рдкрд░рд┐рд╡рд╛рд░рд╡рд╛рдж  ka hi result hai  ЁЯдгЁЯдгЁЯдг,hi,FALSE,0,1,0,1,0,0,0,1,0,0,0,,,
рдЖрдк  рджреЗрд╢рджреНрд░реЛрд╣реА рдЧрджреНрджрд╛рд░ рджрдВрдЧрд╛рдЗрдпреЛрдВ рдХреА рдкрд╛рд░реНрдЯреА рд╣реИ,hi,TRUE,0,1,0,0,0,1,1,0,0,0,0,,,
рдЬрд┐рд╕ рдордЬрд╣рдм рд╕реЗ рдЬрд╛рдирд╡рд░ рднреА рдкреНрдпрд╛рд░ рдХреА рдЙрдореНрдореАрдж рдирд╣реАрдВ рдХрд░рддрд╛ЁЯЩД\nрдкрддрд╛ рдирд╣реАрдВ рдХреИрд╕реЗ рд╣рд┐рдВрджреВ рд▓рдбрд╝рдХрд┐рдпрд╛ рдЙрдирд╕реЗ рдкреНрдпрд╛рд░ рдХреА рдЙрдореНрдореАрдж рдХрд░ рд▓реЗрддреА рд╣реИрдВ ,hi,TRUE,0,0,1,0,0,1,1,1,0,0,0,,,
"рднрд╛рд░рдд рдХрд╛ рд╕рд╛рдорд╛рдЬрд┐рдХ, рд░рд╛рдЬрдиреИрддрд┐рдХ рдФрд░ рдЖрд░реНрдерд┐рдХ рдмрджрд▓рд╛рд╡ рдмреНрд░рд╛рд╣реНрдордгрд╡рд╛рдж рдХреЗ рдирд╛рд╢ рдХреЗ рдмрд┐рдирд╛ рд╕рдВрднрд╡ рд╣реА рдирд╣реАрдВ рд╣реИ....!!",hi,TRUE,0,1,0,1,0,0,0,1,0,0,0,,,
"рдЖрджрд░рдгреАрдп рдореЛрд╣рджрдп рдЬреА! рднрдЧрд╡рд╛рдХрд░рдг рдирд╣реАрдВ рдЖрдк рдмреНрд░рд╛рд╣реНрдордгрд╡рд╛рдж рдХреЛ рдмрдврд╝рд╛рд╡рд╛ рджреЗ рд░рд╣реЗ рд╣реЛ, рдЬрд┐рд╕рдореЗрдВ рдУрдмреАрд╕реА-рдПрд╕рдЯреА-рдПрд╕рд╕реА рдХрд╛ рдХреЛрдИ рд╕реНрдерд╛рди рдирд╣реАрдВ рд╣реИред",hi,TRUE,0,0,1,1,0,0,0,1,0,0,0,,,
"#рдЯреБрдХрдбрд╝реЗ_рдЯреБрдХрдбрд╝реЗ_рдЧреИрдВрдЧ рджреЗрд╢ рдЪрд▓рд╛ рд░рд╣реА рд╣реИ \nрдпрд╣реА рддреЛ рдЕрдЪреНрдЫреЗ рджрд┐рди рд╣реИ #L_bhakto\nрдЪрд╛рдЯреЛ рдкреАрд▓реА рдкреАрд▓реА ЁЯШЫЁЯШЫЁЯШЫЁЯШЫ"", ",hi,TRUE,0,0,1,0,0,1,1,0,0,0,0,,,
рд▓рд╡_рдЬрд┐рд╣рд╛рдж рдХреА рдШрдЯрдирд╛рдПрдВ рд▓рдЧрд╛рддрд╛рд░ рд╣реЛ рд░рд╣реА рд╣реИред,hi,TRUE,0,0,1,0,0,1,0,0,0,0,0,,,
рдЕрдЦрд┐рд▓реЗрд╢ рдХреА рд╕рд░рдХрд╛рд░ рдкрд░рд┐рд╡рд╛рд░рд╡рд╛рдж рдХреА рд╕рд░рдХрд╛рд░ред,hi,TRUE,0,1,0,0,0,0,0,1,0,0,0,,,
"рдЬрд╛рддрд┐рд╡рд╛рдж + рддреБрд╖реНрдЯрд┐рдХрд░рдг + рдорд╛рдлрд┐рдпрд╛рд░рд╛рдЬ + рдЧреБрдВрдбрд╛рд░рд╛рдЬ + рдкрд░рд┐рд╡рд╛рд░рд╡рд╛рдж + рд╣рд┐рдиреНрджреБрд╡рд┐рд░реЛрдз = рд╕рдкрд╛""",hi,TRUE,0,1,0,1,0,0,0,1,0,0,0,,,
рд▓реЛрдХрддрдВрддреНрд░ рдХреЛ рд╕рдмрд╕реЗ рдмрдбрд╝рд╛ рдЦрддрд░рд╛ рдкрд░рд┐рд╡рд╛рд░рд╡рд╛рдж рд╕реЗ рд╣реИ,hi,TRUE,0,0,0,1,0,0,0,1,0,0,0,,,
"рд╕реВрд░рдЬ рдирд┐рдХрд▓реЗрдЧрд╛, рдХрдорд▓ рдЦрд┐рд▓реЗрдЧрд╛ред\n\nрд░рд╛рд╖реНрдЯреНрд░рд╡рд╛рдж рдЬреАрддреЗрдЧрд╛, рдкрд░рд┐рд╡рд╛рд░рд╡рд╛рдж рд╣рд╛рд░реЗрдЧрд╛ред",hi,TRUE,0,0,0,1,0,1,0,1,0,0,0,,,
SP рдкрд░рд┐рд╡рд╛рд░рд╡рд╛рдж рдЪрд▓рддрд╛ рд╣реИ рдЗрд╕рд▓рд┐рдП рднрд╖реНрдЯреНрд░рд╛рдЪрд╛рд░ рдореЗ рдбреВрдмрд╛ рд╣реИ ред,hi,TRUE,0,1,0,0,0,0,0,1,0,0,0,,,
"рдХрд▓\n\nрд╡реЛрдЯ рдХрд░реЗрдВрдЧреЗ рд░рд╛рд╖реНрдЯреНрд░рд╡рд╛рдж рдХреЛ рдФрд░ \nрдЪреЛрдЯ рдХрд░реЗрдВрдЧреЗ рдкрд░рд┐рд╡рд╛рд░рд╡рд╛рдж рдХреЛ ЁЯЪйЁЯЪй""",hi,TRUE,0,0,0,1,0,1,0,1,0,0,0,,,
рдкрд░рд┐рд╡рд╛рд░рд╡рд╛рдж рдорд┐рдЯрд╛рдирд╛ рд╣реИ рддреЛ рдПрдХ рдмрд╛рд░ рдлрд┐рд░ рдореЛрджреА рдЬреА рдХреЛ рд▓рд╛рдирд╛ рд╣реИ,hi,TRUE,0,1,0,0,0,0,0,1,0,0,0,,,
"рднреНрд░рд╖реНрдЯрд╛рдЪрд╛рд░ рдФрд░ рдкрд░рд┐рд╡рд╛рд░рд╡рд╛рдж рдХреЛ рдЬрдбрд╝ рд╕реЗ рдЙрдЦрд╛рдбрд╝ рдлреЗрдВрдХрдирд╛ рд╣реИ\nрдЬрд╛рдЧреЛ рд╕рдирд╛рддрдирд┐рдпреЛрдВ рдЬрд╛рдЧреЛ\n#рдЬрдп_рд╣рд┐рдВрджЁЯЩПЁЯЩПЁЯЗоЁЯЗ│""",hi,TRUE,0,0,1,1,0,0,1,1,0,0,0,,,
Bcci рдХрд╛ рдЪреЗрдпрд░рдореИрди рдЕрдорд┐рдд рд╢рд╛рд╣ рд╣реИрдВ рдпреЗ рдкрд░рд┐рд╡рд╛рд░рд╡рд╛рдж рдирд╣реАрдВ рд╣реИ рдХреНрдпрд╛ред рдЕрдиреНрдз рднрдХреНрдд,hi,TRUE,0,1,0,0,0,0,0,1,0,0,0,,,
"рдкрд╢реНрдЪрд┐рдо рдпреВрдкреА рдХреА рдЬрдирддрд╛ рдХрд▓ рдПрдХ рдмрд╛рд░ рдлрд┐рд░ рдкрд░рд┐рд╡рд╛рд░рд╡рд╛рдж рдХреЛ рдирдХрд╛рд░ рдХрд░ рд░рд╛рд╖реНрдЯреНрд░рд╡рд╛рдж рдкрд░ рдореЛрд╣рд░ рд▓рдЧрд╛рдиреЗ рд╡рд╛рд▓реА рд╣реИред\n#UpYoGi_рд╕рдВрдХрд▓реНрдк"", ",hi,TRUE,0,1,0,0,0,0,0,1,0,0,0,,,
"рдХрд╛рдВрдЧреНрд░реЗрд╕ рджреЗрд╢ рд╡рд┐рд░реЛрдзреА рджреЗрд╢рджреНрд░реЛрд╣реА рд╣реИ""",hi,TRUE,0,1,0,0,0,1,0,1,0,0,0,,,
"Mulla рд╣реИ рджреЗрд╢рджреНрд░реЛрд╣реА рддреЛ рд╣реЛрдЧрд╛ рд╣реАред"",",hi,TRUE,0,0,1,0,0,1,1,1,0,0,0,,,
" рдХреНрдпреЛ рд░реЗ рджреЗрд╢рджреНрд░реЛрд╣реА рджрд▓рд╛рд▓, рдЖрдВрджреЛрд▓рди рдЬреАрд╡реА рдХреАрдбрд╝реЗ",hi,TRUE,0,0,0,1,0,1,0,1,0,0,0,,,
"meno male che li avete rispediti in libia @DaniloToninelli @luigidimaio (lтАЩaltro manco lo considero). possiamo mica accollarci pure gli aborti delle africane, vero.
 ah gi├а, ma voi siete quelli buoni che hanno eletto @Roberto_Fico alla camera.
 karma is a bitch.
 #migranti #SeaWatch",it,FALSE,,,,,,,,,,,,_1089084459155107840,,
"Non si ├и mai visto a memoria dтАЩuomo un popolo migrare verso uno Stato in #recessione.
 I #migranti non vengono qua per 
 ЁЯФ╣Lavorare
 ЁЯФ╣Avere un futuro 
 Ma per sostituirsi agli autoctoni cacciandoli via.
 ScopoтЭУ
 LA DIASPORA DEGLI ITALIANI 
 (Popolo pi├╣ uniti di quanto crediate)",it,FALSE,,,,,,,,,,,,_1066600791597817857,,
"Cedric Herrou, una multa che ├и una vittoria per il contadino-passeur che aiuta i migranti a frontiera Italia-Francia https://t.co/tpmlPmLT1J",it,FALSE,,,,,,,,,,,,_830371375659511808,,
"@LNnerviano mussulmani di PD a palazzo Chigi, tagliagolla in Libia, libici in Italia, Italia senza italiani. Pinotti/Gentiloni dimettetevi.",it,FALSE,,,,,,,,,,,,_567377582166126593,,
Solo i terroni. Per i rom c'e` il lager a via del Riposo https://t.co/S5QFeNge06,it,FALSE,,,,,,,,,,,,_855801917699706880,,
"milioni di turchi in Germania,Olanda,Austria etc hanno votato a favore dell'islamizzazione appartengono alla terza-quarta generazione",it,FALSE,,,,,,,,,,,,_854058219320332289,,
"Ecco Guy Verhofstadt (ALDE), nuovo alleato del @Mov5Stelle: ├и a favore di #Euro, #migranti e #austerit├а, ed amico dтАж https://t.co/UdTJO0BO4t",it,FALSE,,,,,,,,,,,,_818450080760025088,,
basata immigrati in Italia basta,it,FALSE,,,,,,,,,,,,_854034930304774144,,
"Quelli che davanti alle stragi terroristiche ""condanniamo la violenza in ogni sua forma"" A posto. #jesuisCharlie https://t.co/nybASs9Hda",it,FALSE,,,,,,,,,,,,_823645706850340864,,
"#daleggere @monzfreelance su Roma, nomadi e integrazione https://t.co/akFOWPKkOM",it,FALSE,,,,,,,,,,,,_836965751751860225,,
Gli stranieri prima sfornano figli a manetta poi cercano sussidi... Per gli italiani nessuno fa niente anzi se sei in difficolt├а economica ti tolgono pure i figli...,it,TRUE,,,,1,,,,,,,,_1052163314770436097,,
Ve lo dico adesso. Meglio morta che califfata. #islam #musulmani https://t.co/hcbpOCM83g,it,TRUE,,,1,,,,,,,,,_825094933698768897,,
"#dallavostraparte Tutti gli #immigrati, 90% #clandestini, hanno diritto in #Italia tranne noi #italiani mi spiegate dov'├и l'errore???",it,TRUE,,,,1,,,,,,,,_816368276951416834,,
"Se qualcuno di voi mi dimostra che negri, rom, islamici e clandestini sono davvero risorse, GIURO CHE BACIO IL CULO ALLA KYENGE!!!",it,TRUE,,,1,,,,,,,,,_802834199187193856,,
"Per i #sinistrati tutto ├и cultura.La merda #africana, la #MafiaNigeriana e relativi #Stupri, #Spaccio, #Prostituzione,l'#islam con i suoi precetti, #SposeBambine, #Infibulazioni, #DonneVelate...Tutto ci├▓ che ├и diverso dalla nostra civilt├а avanzata, per loro ├и #Cultura. https://t.co/qAe7gHcbLp",it,TRUE,,,1,,,,,,,,,_1074306990988517381,,
"Niente di pi├╣ vergognoso!! sfamare e pagare parassiti,sporchi,luridi.ladri,spacciatori,assassini,stupratori,terroristi afri-cani e lasciare e digiuno chi per una vita intera si e fatto in 4 per sfamare questo paese.VERGOGNA!!! https://t.co/JhUIew3R7E",it,TRUE,,,1,,,,,,,,,_1051458621425557504,,
#agorarai il PD ha fatto entrere una invasione di immigrati che si saperva bene che ├и quasi impossibile rimpatriare perch├и i paesi di origine non li vogliono perch├и sanno che sono tutti criminali e dicono teneteveli https://t.co/VV0GvByEih,it,TRUE,,,,1,,,,,,,,_1055533109922447366,,
"@ellyesse Tanto a te che ti frega...In Svizzera,fuori dalla UE,i migranti clandestini non arrivano.Non devi vivere con un C.I.E. vicino casa,con all'interno 70 risorse,non devi subire il furto di 3 biciclette,e 2 furti in casa.Comodo farsi bella,con il culo degli altri.IPOCRITA...",it,TRUE,,,,1,,,,,,,,_1051121169536090112,,
"@PatriziaRametta Altro che #giletgialli dovremo indossare ЁЯШа nessuno fa notare alla signora che i terroristi sono tutti legalizzati, integrati con sussidi, casa, pensioni, e gli illegali, spacciatori e stupratori ? Ue di pace che ha portato la guerra fra popoli !! Infami ЁЯШа",it,TRUE,,,1,,,,,,,,,_1072767165839880192,,
"@1Natsu01 Sei semplicemente stupido e obnubilato dalla tua ideologia pro immigrati che difende anche gli immigrati stupratori, in quanto sempre vittime, anche se stupratori, stuprano molto di pi├╣, una donna italiana se aggredito ├и molto probabile sia un immigrato e ci├▓ ├и assurdo",it,TRUE,,,,1,,,,,,,,_1077278804496842753,,
сАЩсАШсАЮсАбсАЫсАнсАпсА╕сААсАнсАпсААсА║ сАРсА╜сА▒ сАбсАЩсА╗сАнсАпсА╕ сАШсАмсАЮсАм сАЮсАмсАЮсАФсАм сАШсАмсАКсАм сАРсА╜сА▒ сАбсАХсА▒сАлсААсА║ сАРсА╜сА▒ сАХсАнсАРсА║ сАЬсАнсАпсА╖,my,TRUE,0,1,1,0,0,0,0,1,0,0,1,,,
сАФсАосАХсАнсАФсА║сА╕ сАРсА╜сА▒ сАбсАЩсА╗сАнсАпсА╕ сАЦсА╗сААсА║ сАФсА▒ сАХсА╝сАо ЁЯЩД ЁЯЩД,my,TRUE,0,1,0,0,0,1,0,1,0,0,0,,,
сАбсАДсА║сАРсАмсАЧсА╗сА░сА╕ сАРсАм сАРсА╜сА▒ сАА сАЬсАКсА║сА╕ сАбсА▓сА╖сАЬсАнсАп сАЕсА▒сАмсААсА║сАРсАЬсА╜сА▓ сАЩсАбсА▒сАШсА▒сА╕ сАЩсА╗сАмсА╕ сААсАнсАп сАЩсА╛ сАЧсА╗сА░сА╕ сАЫ сАЬсАмсА╕ сАЯ,my,TRUE,0,0,0,0,1,0,1,0,0,0,1,,,
сАЯсАосАЫсАнсАЮсА╝сАРсА╣сАРсАХсА╣сАХ сАРсАЫсАмсА╕ сААсАДсА║сА╕сАЩсА▓сА╖ сАРсА▓сА╖ сАЬсАпсАХсА║сАЫсАХсА║ сАХсАл сАЩсА╝сАФсА║сАЩсА╝сАФсА║ сАЦсАЩсА║сА╕ сАХсА╝сАосА╕ сАбсАЫсА▒сА╕сАЪсА░ сАХсА▒сА╕ сАХсАл сАбсАЫсА╛сААсА║сАбсААсА╝сА▒сАмсААсА║ сАЩ сАЫсА╛сАн сАЬсАнсАпсААсА║ сАРсАм сАЫсА╜сА╢ сАЕсАЫсАм сАбсАЫсАЩсА║сА╕ сААсА▒сАмсАДсА║сА╕ сАХсАл сАРсАЪсА║ ЁЯШгтШ╣я╕ПЁЯЩБЁЯШб,my,TRUE,0,0,0,0,1,1,1,0,0,0,0,,,
сАФсАДсА║ сАРсАнсАпсА╖ music сАЬсА▒сАмсАА сАА сАЬсАКсА║сА╕ сАЦсАмсАРсАФсА║сА╕ сААсА╝сАосА╕ сААсАнсАп сАЦсА╝сАЕсА║ сАЬсАнсАпсА╖ ЁЯдг,my,TRUE,0,0,0,0,1,0,1,1,0,0,1,,,
сАЬсА▒сАмсАДсА║сА╕сААсАЕсАмсА╕ сАбсА▒сА╕сАВсА╗сАДсА║сА╖ сАЖсАнсАп сАРсА▒сАмсА╖ сАШсА▒сАмсАЩ|po сАЖсАнсАп сАРсАм сАЮсАн сАЬсАнсАпсААсА║ сАХсАл сАХсА╝сАо ЁЯдг ЁЯдг,my,TRUE,0,0,0,0,1,1,1,1,0,0,0,,,
сАФсАКсА║сА╕ сАРсА▒сАмсАДсА║ сАФсАКсА║сА╕ сАФсА▒ сАЮсА▒сА╕ сАРсАЪсА║ сАбсА▓сАТсАо сАБсА╜сА▒сА╕ сАРсАЕсА║ сААсА▒сАмсАДсА║ сАЮсА▒ сАХсА▒сАЩсА▓сА╖ сАбсА▓сАТсАо сАБсА╜сА▒сА╕ сААсА╝сА▒сАмсАДсА║сА╖ сАДсАл сАРсАнсАпсА╖ сАХсА╝сАКсА║сАЮсА░ сАШсАЪсА║сАФсА╛ сАЪсА▒сАмсААсА║ сАРсА▒сАмсАДсА║ сАЩсА╗сАмсА╕ сАТсАпсААсА╣сАБсАЫсА▒сАмсААсА║ сАБсА▓сА╖ сАЬсА▓ сАЮсАн сАЬсАнсАпсА╖ сАЬсАмсА╕,my,TRUE,0,1,0,0,0,1,0,1,0,1,1,,,
сАЮсА░сА╖ сАШсАм сАЮсА░ сАбсАнсАЩсА║ сАСсА▓ сАА сАФсА▒ сАЫсАДсА║сА╕ сБК сАШсАм сАРсА▒сАмсА║сАЬсА╛сАФсА║ сАЫсА▒сА╕ сАЩсА╛ сАРсА▒сАмсАДсА║ сАЩ сАХсАл сАРсА▓сА╖ сАЮсА░ сАРсА╜сА▒ сАФсАДсА║сА╖ сАХсАСсА╜сА▒сА╕ сАРсА╜сА▒ сАХсАЕсА║ сАЬсАнсАпсААсА║ сАЬсАнсАпсА╖ сАбсАЮсААсА║ сАЖсАпсА╢сА╕сАЫсА╛сАпсА╢сА╕ сАЮсА╜сАмсА╕ сАРсА▓сА╖ сААсАЬсА▒сА╕ сАРсА╜сА▒ сАРсАпсАФсА║сА╕ сАА сАЫсА▒сАм сАЫсАпсАХсА║сАХсА▒сАлсААсА║ сАРсАЪсА║ сАЬсАнсАпсА╖ сАЩ сАБсА╢сАЕсАмсА╕ сАБсА▓сА╖ сАЫ сАШсА░сА╕ сАЬсАмсА╕ ЁЯЩВ,my,TRUE,0,1,0,0,0,1,1,1,0,1,1,,,
сАбсАСсААсА║ сАЦсАмсА╕ сАбсА▒сАмсААсА║ сАЦсАн сАЬсАпсАХсА║ сАРсАРсА║ сАЫсАДсА║ сААсА╗сА╜сА▒сА╕ сАРсАм сАЕсАмсА╕ сАБсАнсАпсАДсА║сА╕ сАРсАм сАЬсАпсАХсА║ сАБсА╢ сАЩ сАХсА╝сА▒сАм сАФсА▓сА╖ сАЖсАнсАп сАРсА▓сА╖ сАРсАнсАЫсАнсАЕсА╣сАЖсАмсАФсА║сАЩсА░сАЭсАлсАТ|po сААсАнсАп сАЕсА╜сА▓сААсАнсАпсАДсА║ сАСсАмсА╕ сАРсАРсА║ сАЫсАДсА║ сАЖсАЫсАмсААсА╝сАосА╕ сАЬсАпсАХсА║ сАЬсАнсАпсА╖ сАЫ сАРсА▓сА╖ сАЕсАФсАЕсА║,my,TRUE,0,1,0,0,0,0,1,1,0,0,1,,,
сАбсАЩсА▒сАЫсАнсААсАмсА╕ сАЫсА▒сАмсААсА║ сАЖсАЪсА║сАЬсАо сАЩсА╗сАмсА╕ сАЭсАнсАпсАДсА║сА╕сАЭсАФсА║сА╕ сАБсА╗сА▒сА╕ сАБсА╗сА╜сАРсА║ сАЖсАпсА╢сА╕ сАЩ сАЬсАнсАпсААсА║ сАЫсАДсА║ сАРсА▒сАмсА╖ сААсА╗сАХсА║сАХсА╝сАКсА║сА╖ сАЮсА╜сАмсА╕ сАФсАнсАпсАДсА║ сААсА▒сАмсАДсА║сА╕ сАЫсА▓сА╖ ЁЯШЬ,my,TRUE,0,0,0,0,1,0,0,1,0,0,1,,,
рдирдЧрд░рдкрд╛рд▓рд┐рдХрд╛рд▓реЗ рдирдпрд╛рдБ рд╡рд┐рджреНрдпрд╛рд▓рдп рдирд┐рд░реНрдорд╛рдг рдЧрд░реНтАНрдпреЛред,ne,FALSE,,,,,,,,,,,,,,
рдпреБрд╡рд╛ рдкреБрд╕реНрддрд╛рд▓реЗ рд╕рдорд╛рдЬ рд╕реБрдзрд╛рд░реНрдиреЗ рдКрд░реНрдЬрд╛ рд▓реНрдпрд╛рдЙрдБрдЫред,ne,FALSE,,,,,,,,,,,,,,
рд╕рд░рдХрд╛рд░рдХреЛ рдирдпрд╛рдБ рдпреЛрдЬрдирд╛ рд╢рд┐рдХреНрд╖рд╛ рд╕реБрдзрд╛рд░рдХреЛ рд▓рд╛рдЧрд┐ рд╣реЛред,ne,FALSE,,,,,,,,,,,,,,
рдЕрдкрд╛рдВрдЧ рд╡реНрдпрдХреНрддрд┐рд╣рд░реВрд▓рд╛рдИ рд╕рд╛рд░реНрд╡рдЬрдирд┐рдХ рдард╛рдЙрдБрдорд╛ рд╕рд╣рдЬреАрдХрд░рдг рдЧрд░рд┐рдиреБрдкрд░реНрдЫред,ne,FALSE,,,,,,,,,,,,,,
рд╡рд┐рджреНрдпрд╛рд▓рдпрдорд╛ рдЖрдЬ рд╡реГрдХреНрд╖рд░реЛрдкрдг рдХрд╛рд░реНрдпрдХреНрд░рдо рднрдпреЛред,ne,FALSE,,,,,,,,,,,,,,
рджреЗрд╢рдХреЛ рд╡рд┐рдХрд╛рд╕рдорд╛ рд╕рдмреИ рдирд╛рдЧрд░рд┐рдХрдХреЛ рднреВрдорд┐рдХрд╛ рд╣реБрдиреНрдЫред,ne,FALSE,,,,,,,,,,,,,,
рдпреБрд╡рд╛рд▓реЗ рд░реЛрдЬрдЧрд╛рд░реАрдХреЛ рдЕрд╡рд╕рд░ рдЦреЛрдЬреНрди рд╡рд┐рджреЗрд╢ рдЬрд╛рдиреБ рдкрд░рд┐рд░рд╣реЗрдХреЛ рдЫред,ne,FALSE,,,,,,,,,,,,,,
рдпреЛ рд╡рд░реНрд╖рдХреЛ рдмрд╛рдвреАрд▓реЗ рд╣рдЬрд╛рд░реМрдБ рдХрд┐рд╕рд╛рди рдкреНрд░рднрд╛рд╡рд┐рдд рднрдПред,ne,FALSE,,,,,,,,,,,,,,
рд╕рд╡рд╛рд░реА рд╕рд╛рдзрдирдХреЛ рдЪрд╛рдкрдХрд╛ рдХрд╛рд░рдг рдмрд┐рд╣рд╛рдирдХреЛ рдпрд╛рддреНрд░рд╛ рдХрд╖реНрдЯрдХрд░ рд╣реБрдиреНрдЫред,ne,FALSE,,,,,,,,,,,,,,
рдХреГрд╖рд┐рдорд╛ рдЖрдзреБрдирд┐рдХреАрдХрд░рдг рдЬрд░реБрд░реА рднрдЗрд╕рдХреЗрдХреЛ рдЫред,ne,FALSE,,,,,,,,,,,,,,
рдпреА рдХрд╛рдБрдЧреНрд░реЗрд╕рдХрд╛ рдиреЗрддрд╛рд╣рд░реВ рджреЗрд╢ рдмреЗрдЪреНрдиреЗрд╣рд░реВ рд╣реБрдиреНред,ne,TRUE,,1,,,,,1,1,,,,,,
рдмреНрд░рд╛рд╣реНрдордгрд╣рд░реВ рд╕рдзреИрдВ рдмрдвреА рд╕реБрд╡рд┐рдзрд╛ рдорд╛рдЧреНрдЫрдиреНред,ne,TRUE,,,,,1,,,1,,,,,,
рдЗрд╕рд╛рдИрд╣рд░реВ рд╣рд╛рдореНрд░реЛ рд╕рдВрд╕реНрдХреГрддрд┐ рдкрд░рд┐рд╡рд░реНрддрди рдЧрд░реНрди рдЪрд╛рд╣рдиреНрдЫрдиреНред,ne,TRUE,,,1,,,1,,1,,,,,,
"рдорд╣рд┐рд▓рд╛рд╣рд░реВ рдорд╛рддреНрд░ рдШрд░рдореБрдирд┐ рдмрд╕реНрдЫрдиреН, рдЙрдиреАрд╣рд░реВ рдиреЗрддреГрддреНрд╡рдХрд╛ рд▓рд╛рдЧрд┐ рдпреЛрдЧреНрдп рдЫреИрдирдиреНред",ne,TRUE,1,,,,,,,1,1,,,,,
рд╕рдорд▓рд┐рдВрдЧреАрд╣рд░реВ рд╡рд┐рдХреГрдд рд╡реНрдпрд╡рд╣рд╛рд░ рдлреИрд▓рд╛рдЙрдБрдЫрдиреНред,ne,TRUE,1,,,,,1,1,1,,,,,,
рдмреБрджреНрдзрд┐рдЬреАрд╡реАрд╣рд░реВ рд╡реНрдпрд╡рд╣рд╛рд░рд┐рдХ рдХрд╛рдо рдЧрд░реНрди рд╕рдХреНрджреИрдирдиреНред,ne,TRUE,,,,,1,,,1,,,,,,
рдЪреАрдиреАрд╣рд░реВрд▓реЗ рд╕рд╕реНрддреЛ рд╕рд╛рдорд╛рди рдЧреБрдгрд╕реНрддрд░рд╣реАрди рдмрдирд╛рдЙрдБрдЫрдиреНред,ne,TRUE,,,,1,,,,1,,,,,,
рд╡реГрджреНрдзрд╣рд░реВ рдЯреЗрдХреНрдиреЛрд▓реЛрдЬреА рдмреБрдЭреНрди рд╕рдХреНрджреИрдирдиреНред,ne,TRUE,,,,,1,,,1,,,,,,
рдзрд░реНрдордХреЛ рдирд╛рдордорд╛ рдШреГрдгрд╛ рдлреИрд▓рд╛рдЙрдиреЗ рдХрд╛рдо рдмрдиреНрдж рд╣реБрдиреБрдкрд░реНрдЫред,ne,TRUE,,,1,,,1,,,,,,,,
рдЕрд▓реНрдкрд╕рдВрдЦреНрдпрдХ рд╕рдореБрджрд╛рдпрдорд╛рдерд┐ рдШреГрдгрд╛рддреНрдордХ рдЯрд┐рдкреНрдкрдгреА рдмрдвреНрджреИ рдЫрдиреНред,ne,TRUE,,,,1,,1,,1,,,,,,
"╨Ь╨╕╨│╤А╨░╨╜╤В╤Л, ╨║╨╛╤В╨╛╤А╤Л╨╝ ╨┐╨╛╨▓╨╡╨╖╨╗╨╛ ╨╛╨║╨░╨╖╨░╤В╤М╤Б╤П ╨▓ ╨Ш╤В╨░╨╗╨╕╨╕, ╤Б ╨▓╨╛╤Б╤В╨╛╤А╨│╨╛╨╝ ╨┐╨╡╤А╨╡╨╜╨╕╨╝╨░╤О╤В ╨╝╨╡╤Б╤В╨╜╤Г╤О ╨║╤Г╨╗╤М╤В╤Г╤А╤Г, ╨╛╨▒╤Л╤З╨░╨╕ ╨╕ ╨┐╨╛ ╨┤╨╛╤Б╤В╨╛╨╕╨╜╤Б╤В╨▓╤Г ╨╛╤Ж╨╡╨╜╨╕╨╗╨╕ ╨╖╨╜╨░╨╝╨╡╨╜╨╕╤В╤Г╤О ╨╕╤В╨░╨╗╤М╤П╨╜╤Б╨║╤Г╤О ╨║╤Г╤Е╨╜╤О.",ru,FALSE,,,,,,,,,,,,twitter_ru_2,,
"╨Ц╨╕╤В╨╡╨╗╨╕ ╨╖╨░╨║╤А╤Л╤В╨╛╨│╨╛ ╨д╨╛╨║╨╕╨╜╨╛ ╨▒╤М╤О╤В ╤В╤А╨╡╨▓╨╛╨│╤Г. ╨б╤В╤А╨░╤В╨╡╨│╨╕╤З╨╡╤Б╨║╨╕ ╨▓╨░╨╢╨╜╤Л╨╣ ╨│╨╛╤А╨╛╨┤ ╨╜╨░ ╨▒╨╡╤А╨╡╨│╤Г ╨п╨┐╨╛╨╜╤Б╨║╨╛╨│╨╛ ╨╝╨╛╤А╤П ╤Б ╤Б╨╡╨║╤А╨╡╤В╨╜╨╛╨╣ ╨▒╨░╨╖╨╛╨╣ ╨Т╨Ь╨д ╨╖╨░╨┐╨╛╨╗╨╛╨╜╨╕╨╗╨╕ ╨╝╨╕╨│╤А╨░╨╜╤В╤Л ╨╕╨╖ ╨б╤А╨╡╨┤╨╜╨╡╨╣ ╨Р╨╖╨╕╨╕. ╨У╨╛╤А╨╛╨┤ ╤Б╨╡╨╝╨╡╨╣ ╨╛╤Д╨╕╤Ж╨╡╤А╨╛╨▓ ╨▓ ╨║╨╛╤В╨╛╤А╤Л╨╣ ╨┐╨╛╨┐╨░╤Б╤В╤М ╨▒╨╡╨╖ ╨┐╤А╨╛╨┐╤Г╤Б╨║╨░ ╨▒╤Л╨╗╨╛ ╨╜╨╡╨▓╨╛╨╖╨╝╨╛╨╢╨╜╨╛, ╤В╨╡╨┐╨╡╤А╤М ╨║╨╕╤И╨╕╤В ╨╕╨╜╨╛╤Б╤В╤А╨░╨╜╤Ж╨░╨╝╨╕, ╤Е╨╛╨┤╤П╤В ╤В╨╛╨╗╨┐╨░╨╝╨╕, ╨┐╨╛-╤А╤Г╤Б╤Б╨║╨╕ ╨╜╨╡ ╨│╨╛╨▓╨╛╤А╤П╤В",ru,FALSE,,,,,,,,,,,,twitter_ru_3,,
╨Ь╨╕╨│╤А╨░╨╜╤В╤Л ╨▒╤А╨╛╤Б╨╕╨╗╨╕ ╨║╨╛╨║╤В╨╡╨╣╨╗╤М ╨Ь╨╛╨╗╨╛╤В╨╛╨▓╨░ ╨▓ ╨┐╨╛╨│╤А╨░╨╜╨╕╤З╨╜╨╕╨║╨╛╨▓ ╨╜╨░ ╨┐╨╛╨╗╤М╤Б╨║╨╛-╨▒╨╡╨╗╨╛╤А╤Г╤Б╤Б╨║╨╛╨╣ ╨│╤А╨░╨╜╨╕╤Ж╨╡. ╨н╤В╨╛ ╨┐╨╛╤З╨╡╨╝╤Г-╤В╨╛ ╨╜╨╡ ╤Г╨▒╨╡╨┤╨╕╨╗╨╛ ╤Б╨╛╨╗╨┤╨░╤В ╨┐╤А╨╛╨┐╤Г╤Б╤В╨╕╤В╤М ╨╕╤Е ╨╜╨░ ╤В╨╡╤А╤А╨╕╤В╨╛╤А╨╕╤О ╤Б╤В╤А╨░╨╜╤Л,ru,FALSE,,,,,,,,,,,,twitter_ru_5,,
╨Ъ╨░╨║ ╨╢╨╡ ╨╗╤О╨▒╨╕╨╗ ╤Н╤В╤Г ╨┐╨╡╤А╨╡╨┤╨░╤З╤Г. ╨Ъ╨░╨║ ╨╡╤С ╤В╨░╨╝? ╨Ю╤Е╤Г╨╡╨▓╤И╨╕╨╡ ╤З╤Г╤А╨║╨╕.,ru,FALSE,,,,,,,,,,,,twitter_ru_6,,
"╨Ю╤В╨║╤А╤Л╨╗ ╨┤╨╛╨╝╨╛╨▓╨╛╨╣ ╤З╨░╤В, ╨░ ╤В╨░╨╝ ╨▓╨░╤В╨╜╨╕╨║╨╕ ╨▓╤Б╨╡╤А╤М╤С╨╖ ╤А╨░╤Б╤Б╤З╨╕╤В╤Л╨▓╨░╤О╤В, ╤З╤В╨╛ ╨┐╤Г╤В╨╕╨╜ ╨╜╨╡ ╨┤╨╛╨┐╤Г╤Б╤В╨╕╤В ╨┐╨╛╨▓╤Л╤И╨╡╨╜╨╕╤П ╤В╨░╤А╨╕╤Д╨╛╨▓ ╨Ц╨Ъ╨е. ╨Ч╨░╨║╤А╤Л╨╗ ╨┤╨╛╨╝╨╛╨▓╨╛╨╣ ╤З╨░╤В. ╨Ф╨╛╨▒╤А╨╛╨╡ ╤Г╤В╤А╨╛!",ru,FALSE,,,,,,,,,,,,twitter_ru_9,,
"╨Ю╤Б╨╜╨╛╨▓╨╜╨░╤П ╨║╨╜╨╕╨│╨░ ╨Ъ╨░╤А╨╗╨░ ╨Ь╨░╤А╨║╤Б╨░ - ""╨Ъ╨░╨┐╨╕╤В╨░╨╗"". ╨Ш ╨┐╨╛╤Б╨╗╨╡ ╤Н╤В╨╛╨│╨╛ ╨║╨╛╨╝╨╝╤Г╨╜╨╕╤Б╤В╤Л ╨║╤А╨╕╤З╨░╤В - ""╨╝╤Л ╨┐╤А╨╛╤В╨╕╨▓ ╨║╨░╨┐╨╕╤В╨░╨╗╨╕╤Б╤В╨╛╨▓""?",ru,FALSE,,,,,,,,,,,,twitter_ru_12,,
"╨д╨╡╨╝╨╕╨╜╨╕╤Б╤В╨║╨╕ ╨▒╤Г╨┤╤Г╤В ╨▓╨╛╨╛╨▒╤Й╨╡ ╨▓ ╤И╨╛╨║╨╡ ╤Г╨╖╨╜╨░╨▓, ╤З╤В╨╛ ╨╕ ╨╜╨░ ╨╝╨░╤А╨║╨╡╤В╨┐╨╗╨╡╨╣╤Б╨░╤Е ╨╖╨░ ╤Д╨╛╤В╨╛╨│╤А╨░╤Д╨╕╨╕ ╨│╨┤╨╡ ╨╝╨╡╨╢╨┤╤Г ╤П╨│╨╛╨┤╨╕╤Ж ╨▓╤Б╤В╨░╨▓╨╗╤П╤О╤В ╨╜╨╡╨╛╨╢╨╕╨┤╨░╨╜╨╜╤Л╨╣ ╤В╨╛╨▓╨░╤А тАФ ╨╛╤В╨▓╨╡╤З╨░╨╗╨╕ ╨╢╨╡╨╜╤Й╨╕╨╜╤Л.",ru,FALSE,,,,,,,,,,,,twitter_ru_16,,
"╨Ъ╤А╨░╤Б╨╛╤В╨░ ╨Ц╨╡╨╜╤Й╨╕╨╜╤Л ╨┤╨╛╨╗╨╢╨╜╨░ ╨▒╤Л╤В╤М ╨▓╨╕╨┤╨╜╨░ ╨▓ ╨╡╤С ╨│╨╗╨░╨╖╨░╤Е... ╨н╤В╨╛ ╨┤╨▓╨╡╤А╤М ╨▓ ╨╡╤С ╤Б╨╡╤А╨┤╤Ж╨╡, ╨▓ ╤В╨╛ ╨╝╨╡╤Б╤В╨╛, ╨│╨┤╨╡ ╨╢╨╕╨▓╤С╤В ╨╡╤С ╨╗╤О╨▒╨╛╨▓╤М... ╨Ш╨╜╨╛╨│╨┤╨░, ╨┐╨╛╤Б╨╝╨╛╤В╤А╨╡╨▓ ╨▓ ╨│╨╗╨░╨╖╨░ ╤З╨╡╨╗╨╛╨▓╨╡╨║╨░.... ╨б╨Ы╨Ю╨Т╨Р ╤Г╨╢╨╡ ╨╜╨╡ ╨╕╨╝╨╡╤О╤В ╨╖╨╜╨░╤З╨╡╨╜╨╕╤П....",ru,FALSE,,,,,,,,,,,,twitter_ru_17,,
"╨Ф╨░╨▓╨╕╨┤ ╨╕ ╨У╨╛╨╗╨╕╨░╤ДтАж ╨Т╤Б╨╡ ╨╖╨╜╨░╤О╤В ╨╕╤Б╤В╨╛╤А╨╕╤О ╨╛ ╤В╨╛╨╝, ╨║╨░╨║ ╨╝╨╛╨╗╨╛╨┤╨╛╨╣ ╨Ф╨░╨▓╨╕╨┤, ╨▒╤Г╨┤╤Г╤Й╨╕╨╣ ╤Ж╨░╤А╤М ╨Ш╤Г╨┤╨╡╨╕ ╨╕ ╨Ш╨╖╤А╨░╨╕╨╗╤П ╨┐╨╛╨▒╨╡╨╢╨┤╨░╨╡╤В ╨╛╨│╤А╨╛╨╝╨╜╨╛╨│╨╛ ╤Д╨╕╨╗╨╕╤Б╤В╨╕╨╝╨╗╤П╨╜╤Б╨║╨╛╨│╨╛ ╨▓╨╛╨╕╨╜╨░ ╨У╨╛╨╗╨╕╨░╤Д╨░, ╨┐╨╛╤В╨╛╨╝╨║╨░ ╨▓╨╡╨╗╨╕╨║╨░╨╜╨╛╨▓-╤А╨╡╤Д╨░╨╕╨╝╨╛╨▓. ╨б╤В╨░╤А╤Л╨╣ ╨Ш╤А╨░╨╜, ╨▓ 75 ╤А╨░╨╖ ╨┐╤А╨╡╨▓╤Л╤И╨░╤О╤Й╨╕╨╣ ╨Ш╨╖╤А╨░╨╕╨╗╤М ╨┐╨╛ ╨┐╨╗╨╛╤Й╨░╨┤╨╕ ╨╕ ╨▓ 10 ╤А╨░╨╖ ╨┐╨╛ ╨╜╨░╤Б╨╡╨╗╨╡╨╜╨╕╤О, ╨╜╨╡ ╤Г╤Б╤В╨╛╤П╨╗ ╨┐╨╡╤А╨╡╨┤ ╨╝╨╛╨╗╨╛╨┤╤Л╨╝ ╨▓╨╛╨╕╨╜╨╛╨╝.",ru,FALSE,,,,,,,,,,,,twitter_ru_21,,
╨Ь╨╕╨╜╤В╤А╨░╨╜╤Б ╨╕ ╨╝╨╕╨╜╤Д╨╕╨╜ ╤Б╨╛╨│╨╗╨░╤Б╨╛╨▓╨░╨╗╨╕ ╨▓╨╗╨╛╨╢╨╡╨╜╨╕╨╡ ╨┐╨╛╨╗╤Г╨╝╨╕╨╗╨╗╨╕╨░╤А╨┤╨░ ╤И╨╡╨║╨╡╨╗╨╡╨╣ ╨▓ ╨┤╨╛╤А╨╛╨│╨╕ ╨Ш╤Г╨┤╨╡╨╕ ╨╕ ╨б╨░╨╝╨░╤А╨╕╨╕,ru,FALSE,,,,,,,,,,,,twitter_ru_22,,
"╤З╤Г╤А╨║╨╕ ╨╕╨╖╨▒╨╕╨╗╨╕ ╤З╤Г╤А╨║╤Г ╨╖╨░ ╤В╨╛, ╤З╤В╨╛ ╨╛╨╜ ╨┐╤А╨╕╨╡╤Е╨░╨╗ ╨▓ ╤И╨╛╤А╤В╨░╤Е ╨▓ ╨б╨╡╨▓╨╡╤А╨╜╤Г╤О ╨Ю╤Б╨╡╤В╨╕╤О...
╨г ╨╝╨╡╨╜╤П ╨▓╨╛╨┐╤А╨╛╤Б,- ╨╡╤Б╨╗╨╕ ╤П ╨╜╨╡ ╤Е╨╛╤З╤Г ╨╢╨╕╤В╤М ╤Б ╤Н╤В╨╕╨╝╨╕ ╨┤╨╕╨║╨░╤А╤П╨╝╨╕, ╨╜╨░╨▓╨╡╤З╨╜╨╛ ╨╖╨░╤Б╤В╤А╤П╨▓╤И╨╕╨╝╨╕ ╨▓ ╤Б╤А╨╡╨┤╨╜╨╡╨▓╨╡╨║╨╛╨▓╤М╨╡, ╨▓ ╨╛╨┤╨╜╨╛╨╣ ╤Б╤В╤А╨░╨╜╨╡, ╤П ╨╜╨░╤Ж╨╕╤Б╤В, ╤П ╨┐╨╗╨╛╤Е╨╛╨╣ ?
╨Р ╨╛╨╜╨╕ ╤Е╨╛╤А╨╛╤И╨╕╨╡ ╨╕ ╨╝╨╛╨╕ ╤Б╨╛╨│╤А╨░╨╢╨┤╨░╨╜╨╡, ╤В╨░╨║ ╤З╤В╨╛ ╨╗╨╕? ╨Р ╨╛╨╜╨╛ ╨╝╨╜╨╡ ╨╜╨░╨┤╨╛?!",ru,TRUE,0,0,0,1,0,,,,,,,twitter_ru_1,,
"╨║╨╛╨╝╨╝╤Г╨╜╨╕╨╖╨╝ ╤Е╤Г╨╢╨╡ ╨╜╨░╤Ж╨╕╨╖╨╝╨░, ╨▓╤Б╨╡ ╨║╨╛╨╝╨╝╤Г╨╜╨╕╤Б╤В╤Л ╤Е╤Г╨╢╨╡ ╨│╨╕╤В╨╗╨╡╤А╨░, ╨░ ╨▓╤Л, ╤В╤Г╨┐╤Л╨╡ ╨╗╨╡╨▓╤Л╨╡, ╨╜╨╕╤З╨╡ ╨╜╨╡ ╨┐╨╛╨╜╨╕╨╝╨░╨╡╤В╨╡ ╨┐╤А╨╛╤Б╤В╨╛",ru,TRUE,0,1,0,0,0,,,,,,,twitter_ru_14,,
╨Ъ╨╛╨│╨┤╨░ ╤Д╨╡╨╝╨╕╨╜╨╕╤Б╤В╨║╨╕ ╨│╨╛╨▓╨╛╤А╤П╤В ╤З╤В╨╛ ╨╝╤Г╨╢╤З╨╕╨╜╤Л ╨╜╨░╤И╨╕ ╨▓╤А╨░╨│╨╕ ╨╛╨╜╨╕ ╨╕╨╝╨╡╤О╤В ╨▓ ╨▓╨╕╨┤╤Г ╤З╤В╨╛ ╨╝╤Г╨╢╤З╨╕╨╜╤Л ╤Б╨┤╨╡╨╗╨░╨╗╨╕ ╨┤╨╛╤Е╤Г╤П ╨▓ ╨▒╨╛╤А╤М╨▒╨╡ ╨┐╤А╨╛╤В╨╕╨▓ ╨╢╨╡╨╜╤Й╨╕╨╜ ╨║╨░╨║ ╨║╨╗╨░╤Б╤Б╨░ ╨┐╨╛╤В╨╛╨╝╤Г ╤З╤В╨╛ ╨╝╤Л ╤Г╨╢╨╡ ╨┤╨░╨▓╨╜╨╛ ╨╕╤Е ╨▓╤А╨░╨│╨╕╨╜╨╕ ╨║╨╛╤В╨╛╤А╤Л╤Е ╨╛╨╜╨╕ ╤Г╨╜╨╕╤З╤В╨╛╨╢╨░╤О╤В ╨║╨░╨╢╨┤╤Л╨╣ ╨┤╨╡╨╜╤М ╨╕ ╨║╨░╨╢╨┤╤Л╨╣ ╤З╨░╤Б ╨╕ ╨Я╨а╨Ш ╨н╨в╨Ю╨Ь ╨╝╤Г╨╢╤З╨╕╨╜╤Л ╨┤╨╛ ╤Б╨╕╤Е ╨┐╨╛╤А ╨╜╨╡ ╨▓╤А╨░╨│╨╕ ╨┤╨╗╤П ╨╝╨╜╨╛╨│╨╕╤Е ╨╕╨╖ ╨╜╨░╤Б (╨║ ╤Б╨╛╨╢╨░╨╗╨╡╨╜╨╕╤О),ru,TRUE,1,0,0,0,0,,,,,,,twitter_ru_15,,
"╨п ╤Б╤З╨╕╤В╨░╤О, ╤З╤В╨╛ ╨╝╨╡╤Б╤В╨╛ ╨╢╨╡╨╜╤Й╨╕╨╜╤Л ╨╜╨░ ╨║╤Г╨╜╨╕",ru,TRUE,1,0,0,0,0,,,,,,,twitter_ru_18,,
"╨Ь╤Г╨╢╤З╨╕╨╜╨░, ╨╡╤Б╨╗╨╕ ╨║ 35 ╨│╨╛╨┤╨░╨╝ ╨╜╨╕╤З╨╡╨│╨╛ ╨╜╨╡ ╨┤╨╛╨▒╨╕╨╗╤Б╤П тАФ ╨╜╨╕╤З╨╡╨│╨╛ ╤Б╤В╤А╨░╤И╨╜╨╛╨│╨╛. ╨Ь╨╛╨╢╨╜╨╛ ╨╖╨░╨┐╨╕╤Б╨░╤В╤М╤Б╤П ╨▓ ╨║╨░╤З╨░╨╗╨║╤Г, ╨▓╤Л╤Г╤З╨╕╤В╤М JavaScript, ╨▓╤Л╨▒╨╕╤В╤М╤Б╤П ╨▓ ╨╗╤О╨┤╨╕ ╨╕ ╨╖╨░╨▓╨╡╤Б╤В╨╕ ╤Б╨╡╨╝╤М╤О. ╨Х╤Б╨╗╨╕ ╨╢╨╡╨╜╤Й╨╕╨╜╨░ ╨┐╤А╨╛╤Б╤А╨░╨╗╨░ ╤Б╨▓╨╛╤О ╨╢╨╕╨╖╨╜╤М ╨║ 35, ╤В╨╛ ╤А╨░╨┤╨╕╨║╨░╨╗╤М╨╜╨╛ ╤З╤В╨╛-╤В╨╛ ╨┐╨╛╨╝╨╡╨╜╤П╤В╤М ╨┐╨╛╤З╤В╨╕ ╨╜╨╡╨▓╨╛╨╖╨╝╨╛╨╢╨╜╨╛. ╨Э╨░╨▓╨╡╤А╨╜╨╛╨╡, ╨┐╨╛╤Н╤В╨╛╨╝╤Г ╨╕╤Г╨┤╨╡╨╕ ╨▓ ╤Б╨▓╨╛╨╕╤Е ╨╝╨╛╨╗╨╕╤В╨▓╨░╤Е ╨│╨╛╨▓╨╛╤А╤П╤В: ""╨С╨╗╨░╨│╨╛╤Б╨╗╨╛╨▓╨╡╨╜ ╨У╨╛╤Б╨┐╨╛╨┤╤М ╨╖╨░ ╤В╨╛, ╤З╤В╨╛ ╨╜╨╡ ╤Б╨╛╨╖╨┤╨░╨╗ ╨╝╨╡╨╜╤П ╨╢╨╡╨╜╤Й╨╕╨╜╨╛╨╣.""",ru,TRUE,1,0,1,0,0,,,,,,,twitter_ru_19,,
"╨Ч╨╜╨░╨╡╤В╨╡ ╨┐╨╛╤З╨╡╨╝╤Г ╨╕╨╖╤А╨░╨╕╨╗╤М╤В╤П╨╜╨╡ ╤В╨░╨║╨╕╨╡ ╨║╤А╨╛╨▓╨╛╨╢╨░╨┤╨╜╤Л╨╡? ╨Я╨╛╤В╨╛╨╝╤Г ╤З╤В╨╛ ╨╛╨╜╨╕ ╨╕╤Г╨┤╨╡╨╕. ╨Ш╤Е ╨У╨╛╤Б╨┐╨╛╨┤╤М ╨╜╨╡ ╤Г╤З╨╕╨╗ ╨┐╤А╨╛╤Й╨░╤В╤М. ╨Р ╤В╨╛╨╗╤М╨║╨╛ ╨╛╨║╨╛ ╨╖╨░ ╨╛╨║╨╛ ╨╕ ╨╖╤Г╨▒ ╨╖╨░ ╨╖╤Г╨▒. ╨Р ╨╛╨╜╨╕ ╤Е╨╛╤А╨╛╤И╨╕╨╡ ╤Г╤З╨╡╨╜╨╕╨║╨╕ ╨╕ ╨║╤А╨░╤В╨╜╨╛ ╨╕╤Б╨┐╨╛╨╗╨╜╤П╤О╤В ╨▓╨╛╨╗╤О ╤Б╨▓╨╛╨╡╨│╨╛ ╨У╨╛╤Б╨┐╨╛╨┤╨░. ╨Р ╤Е╤А╨╕╤Б╤В╨╕╨░╨╜╨╡ ╨┐╤А╨░╨▓╨╛╤Б╨╗╨░╨▓╨╜╤Л╨╡ ╨╛╨╜╨╕ ╨┤╤А╤Г╨│╨╕╨╡. ╨Ь╤Л ╨▓╨╛╨╜ ╤Е╤Е╤Е╨╗╨╛╨▓ ╨║╨░╤А╨░╨╡╨╝, ╨╕ ╨┐╤А╨╕ ╤Н╤В╨╛╨╝ ╨╢╨░╨╗╨╡╨╡╨╝ ╨║╨░╨║ ╨┤╤Г╤А╨╜╤Л╤Е.",ru,TRUE,0,0,1,1,0,,,,,,,twitter_ru_20,,
"╤В.╨╡. ╨╡╤Б╤В╤М ╨╕╨╖╨▒╤Л╤В╨╛╨║ ╤Н╨╗╨╡╨║╤В╤А╨╛╤Н╨╜╨╡╤А╨│╨╕╨╕ ╨▓ 21%, ╨╜╨╛ ╤Ж╨╡╨╜╤Л ╨┤╨╗╤П ╨╜╨░╤Б╨╡╨╗╨╡╨╜╨╕╤П , ╨║╨░╨┐╨╕╤В╨░╨╗╤О╨│╨╕ ╨╜╨╡ ╤Б╨╜╨╕╨╢╨░╤О╤В, ╨░ ╤В╨╛╨╗╤М╨║╨╛ ╨┐╨╛╨▓╤Л╤И╨░╤О╤В. ╨│╨┤╨╡ ╨╢╨╡ ╤В╨░ ╤А╤Г╨║╨░ ╤А╤Л╨╜╨║╨░ ╨╕╨╗╨╕ ╨║╨░╨║ ╨╡╤Й╤С ╨│╨╛╨▓╨╛╤А╤П╤В ╨╛╨▒╤Й╨╡╤Б╤В╨▓╨╡╨╜╨╜╤Л╨╣ ╨┤╨╛╨│╨╛╨▓╨╛╤А, ╨║╨╛╤В╨╛╤А╤Л╨╣ ╨┤╨╛╨╗╨╢╨╡╨╜ ╤Б╨╜╨╕╨╖╨╕╤В╤М ╤Ж╨╡╨╜╤Л ╨┐╤А╨╕ ╨╕╨╖╨▒╤Л╤В╨║╨╡? ╨Я╤А╨╕ ╤Б╨╛╤Ж╨╕╨░╨╗╨╕╨╖╨╝╨╡ ╤В╨░╨║╨╛╨╣ ╤Е╨╡╤А╨╜╨╕ ╨╜╨╡ ╨▒╤Л╨╗╨╛ ╨░ ╨▓ ╨▒╤Г╨┤╤Г╤Й╨╡╨╝, ╤В╨░╨║ ╨┐╨╛╨┤╨░╨▓╨╜╨╛",ru,TRUE,0,1,0,0,1,,,,,,,twitter_ru_24,,
"╨Ъ╨░╨║ ╨╢╨╡ ╨╝╨╡╨╜╤П ╨┤╨╛╤Б╤В╨░╨╗╨╕ ╨╜╨╛╤О╤Й╨╕╨╡ ╨░╨╣╤В╨╕╤И╨╜╨╕╨║╨╕, ╨╝╨╛╨╗ ╤Г ╨╜╨╕╤Е 6 ╤З╨░╤Б╨╛╨▓ ╨┐╨╛╨┤╤А╤П╨┤ ╨╝╨╛╨╖╨│ ╨╜╨╡╨┐╤А╨╡╤А╤Л╨▓╨╜╨╛ ╤А╨░╨▒╨╛╤В╨░╨╡╤В.

╨Ф╨░╨▓╨░╨╣╤В╨╡ ╨╛╤В╨║╤А╨╛╨╡╨╝ ╨░╨╣╤В╨╕╤И╨╜╨╕╨║╨░╨╝ ╤Б╨╡╨║╤А╨╡╤В, ╤З╤В╨╛ ╨Т╨б╨Х, ╨С╨Ы╨п╨в╨м, ╨Э╨Р ╨а╨Р╨С╨Ю╨в╨Х ╨Ф╨г╨Ь╨Р╨о╨в???

╨Т╨╛╨┤╨╕╤В╨╡╨╗╨╕ ╨░╨▓╤В╨╛╨▒╤Г╤Б╨░ ╨╜╨╡╨┐╤А╨╡╤А╤Л╨▓╨╜╨╛ ╨┤╤Г╨╝╨░╤О╤В ╨╕ ╤Б╨╗╨╡╨┤╤П╤В ╨╖╨░ ╨║╨╛╨╜╤Ж╨╡╨╜╤В╤А╨░╤Ж╨╕╨╡╨╣, ╨▓╤А╨░╤З╨╕ ╨┤╤Г╨╝╨░╤О╤В, ╤Е╨╕╨╝╨╕╨║╨╕ ╨┤╤Г╨╝╨░╤О╤В, ╨┤╨╕╨╖╨░╨╣╨╜╨╡╤А╤Л ╨┤╤Г╨╝╨░╤О╤В! ╨Т╨б╨Х!",ru,TRUE,0,0,0,0,1,,,,,,,twitter_ru_25,,
"╨Ч╨▓╤Г╤З╨╕╤В ╨╢╨╡╤Б╤В╨╛╨║╨╛, ╨╜╨╛ ╨▒╤Г╨┤╤Г╤Й╨╡╨╡ ╨╖╨░ ╨╜╨╡╨╣╤А╨╛╨╜╨║╨░╨╝╨╕: ╤З╨╡╨╗╨╛╨▓╨╡╨║ тАФ ╨║╨░╨┐╤А╨╕╨╖╨╜╨╛╨╡ ╤Б╨╛╨╖╨┤╨░╨╜╨╕╨╡, ╨║╨╛╤В╨╛╤А╨╛╨╡ ╨▓╤Л╤С╨╢╨╕╨▓╨░╨╡╤В╤Б╤П, ╨░ ╨╜╨╡╨╣╤А╨╛╨╜╨║╨░ ╨▒╤Г╨┤╨╡╤В ╤А╨░╨▒╨╛╤В╨░╤В╤М ╨▒╨╡╨╖ ╤Г╤Б╤В╨░╨╗╨╕ ╨╕ ╨╜╨╡ ╤В╤А╨╡╨▒╤Г╨╡╤В ╨╡╨┤╤Л.",ru,TRUE,0,0,0,0,1,,,,,,,twitter_ru_26,,
"╨Т ╨а╨╛╤Б╤Б╨╕╨╕ ╨╜╤Г╨╢╨╜╨╛ ╨┐╤А╨╡╤Б╨╡╨║╨░╤В╤М ╨╜╨╡╨╖╨░╨║╨╛╨╜╨╜╨╛╨╡ ╨╕╤Б╨┐╨╛╨╗╤М╨╖╨╛╨▓╨░╨╜╨╕╨╡ ╨╜╨╡╨╣╤А╨╛╨╕╨╜╤В╨╡╤А╤Д╨╡╨╣╤Б╨╛╨▓ ╨╕ ╤В╨╡╤Е╨╜╨╛╨╗╨╛╨│╨╕╨╣ ╨╜╨╡╨╣╤А╨╛╨╕╨╜╤Д╨╛╤А╨╝╨░╤В╨╕╨║╨╕. ╨Ю╨╜╨╕ ╨╕╤Б╨┐╨╛╨╗╤М╨╖╤Г╤О╤В╤Б╤П ╨┤╨╗╤П ╤В╨░╨╣╨╜╨╛╨╣ ╤Б╨╗╨╡╨╢╨║╨╕, ╨▓╨╕╨╖╤Г╨░╨╗╨╕╨╖╨░╤Ж╨╕╨╕ ╨┐╨░╨╝╤П╤В╨╕, ╨┐╨╡╤А╨╡╤Е╨▓╨░╤В╨░ ╨▓╨╛╨╗╨╕ ╨╗╤О╨┤╨╡╨╣. ╨Ъ ╤Б╨╛╨╢╨░╨╗╨╡╨╜╨╕╤О, #╨д╨б╨С ╨╜╨╡╨┤╨╛╤Б╤В╨░╤В╨╛╤З╨╜╨╛ ╨▒╨╛╤А╨╡╤В╤Б╤П ╤Б ╤Н╤В╨╕╨╝╨╕ ╨┐╤А╨╡╤Б╤В╤Г╨┐╨╜╤Л╨╝╨╕ ╨┐╤А╨╛╤П╨▓╨╗╨╡╨╜╨╕╤П╨╝╨╕",ru,TRUE,0,1,0,0,1,,,,,,,twitter_ru_28,,
р░кр▒Нр░░р░нр▒Бр░др▒Нр░╡р░В р░ир░┐р░ир▒Нр░и р░Хр▒Кр░др▒Нр░д р░╡р░┐р░жр▒Нр░пр░╛ р░╕р░Вр░╕р▒Нр░Хр░░р░г р░мр░┐р░▓р▒Нр░▓р▒Бр░ир▒Б р░Жр░ор▒Лр░жр░┐р░Вр░Ър░┐р░Вр░жр░┐.,te,FALSE,0,0,0,0,0,0,0,0,0,0,0,tel_1,,
р░Жр░Чр░╕р▒Нр░Яр▒Б 9р░и р░░р░╛р░Цр▒А р░кр░Вр░бр▒Бр░Ч,te,FALSE,0,0,0,0,0,0,0,0,0,0,0,tel_2,,
р░╣р▒Ир░жр░░р░╛р░мр░╛р░жр▒НтАМр░▓р▒Л р░Хр▒Кр░др▒Нр░д р░ор▒Нр░пр▒Вр░Ьр░┐р░пр░В р░кр▒Нр░░р░╛р░░р░Вр░нр░ор▒Ир░Вр░жр░┐,te,FALSE,0,0,0,0,0,0,0,0,0,0,0,tel_3,,
р░нр░╛р░░р░др░жр▒Зр░╢р░Вр░▓р▒Л р░Ър░╛р░▓р░╛ р░ор░Вр░жр░┐ р░╣р░┐р░Вр░жр▒В р░ор░др░╛р░ир▒Нр░ир░┐ р░Ер░ир▒Бр░╕р░░р░┐р░╕р▒Нр░др░╛р░░р▒Б,te,FALSE,0,0,0,0,0,0,0,0,0,0,0,tel_4,,
р░кр▒Нр░░р░кр░Вр░Ъ р░Жр░░р▒Лр░Чр▒Нр░п р░╕р░Вр░╕р▒Нр░е р░Хр▒Кр░др▒Нр░д р░Чр▒Нр░▓р▒Лр░мр░▓р▒Н р░╣р▒Жр░▓р▒Нр░др▒Н р░╕р░░р▒Нр░╡р▒Ир░▓р▒Жр░ир▒Нр░╕р▒Н р░ир▒Жр░Яр▒НтАМр░╡р░░р▒Нр░Хр▒НтАМр░ир▒Б р░кр▒Нр░░р░╛р░░р░Вр░нр░┐р░Вр░Ър░┐р░Вр░жр░┐.,te,FALSE,0,0,0,0,0,0,0,0,0,0,0,tel_5,,
р░ор░╛ р░╕р▒Нр░Хр▒Вр░▓р▒НтАМр░▓р▒Л р░Хр▒Кр░др▒Нр░д р░▓р▒Ир░мр▒Нр░░р░░р▒А р░кр▒Нр░░р░╛р░░р░Вр░нр░ор▒Ир░Вр░жр░┐,te,FALSE,0,0,0,0,0,0,0,0,0,0,0,tel_6,,
р░Хр▒Нр░░р░┐р░Хр▒Жр░Яр▒Н р░Ьр░Яр▒Нр░Яр▒Б р░░р▒Зр░кр▒Б р░Жр░╕р▒Нр░Яр▒Нр░░р▒Зр░▓р░┐р░пр░╛р░др▒Л р░ор▒Нр░пр░╛р░Ър▒Н р░Жр░бр▒Бр░др▒Бр░Вр░жр░┐.,te,FALSE,0,0,0,0,0,0,0,0,0,0,0,tel_7,,
р░Чр░д р░жр░╢р░╛р░мр▒Нр░жр░Вр░▓р▒Л р░нр▒Вр░ор░┐ р░╕р░Чр░Яр▒Б р░Йр░╖р▒Нр░гр▒Лр░Чр▒Нр░░р░д р░╕р▒Бр░ор░╛р░░р▒Б 1.1 р░бр░┐р░Чр▒Нр░░р▒Ар░▓ р░╕р▒Жр░▓р▒Нр░╕р░┐р░пр░╕р▒Н р░кр▒Жр░░р░┐р░Чр░┐р░Вр░жр░┐.,te,FALSE,0,0,0,0,0,0,0,0,0,0,0,tel_8,,
р░Ир░░р▒Лр░Ьр▒Б р░╣р▒Ир░жр░░р░╛р░мр░╛р░жр▒НтАМр░▓р▒Л р░╡р░░р▒Нр░╖р░В р░кр░бр▒З р░Ер░╡р░Хр░╛р░╢р░В р░Йр░Вр░жр░┐.,te,FALSE,0,0,0,0,0,0,0,0,0,0,0,tel_9,,
р░кр▒Нр░░р░кр░Вр░Ър░Вр░▓р▒Лр░ир░┐ р░др▒Кр░▓р░┐ р░мр▒Бр░▓р▒Нр░▓р▒Жр░Яр▒Н р░░р▒Ир░▓р▒Б 1964р░▓р▒Л р░Ьр░кр░╛р░ир▒НтАМр░▓р▒Л р░Яр▒Лр░Хр▒Нр░пр▒Л р░ир▒Бр░Вр░бр░┐ р░Тр░╕р░╛р░Хр░╛ р░╡р░░р░Хр▒Б р░кр▒Нр░░р░╛р░░р░Вр░нр░ор▒Ир░Вр░жр░┐.,te,FALSE,0,0,0,0,0,0,0,0,0,0,0,tel_10,,
р░И р░╕р░ор░╛р░Ьр░Вр░▓р▒Л р░ор░╣р░┐р░│р░▓ р░ор░╛р░Яр░Хр▒Б р░╡р░┐р░▓р▒Бр░╡ р░др░Хр▒Нр░Хр▒Бр░╡,te,TRUE,1,0,0,0,0,0,0,1,0,1,0,tel_11,,
р░И р░ир░╛р░пр░Хр▒Бр░бр▒Б р░др░и р░╕р▒Нр░╡р░╛р░░р▒Нр░ер░В р░Хр▒Лр░╕р░В р░ор░╛р░др▒Нр░░р░ор▒З р░кр░ир░┐ р░Ър▒Зр░╕р▒Нр░др░╛р░бр▒Б.,te,TRUE,0,1,0,0,0,1,0,0,0,0,0,tel_12,,
р░Хр▒Кр░ир▒Нр░ир░┐ р░Ър▒Лр░Яр▒Нр░▓ р░ир░▓р▒Нр░▓р░Ьр░╛р░др▒Ар░пр▒Бр░др▒Л р░Зр░Вр░Хр░╛ р░Ър▒Жр░бр▒Бр░Чр░╛ р░кр▒Нр░░р░╡р░░р▒Нр░др░┐р░╕р▒Нр░др▒Бр░ир▒Нр░ир░╛р░░р▒Б.,te,TRUE,0,0,0,1,0,0,0,1,0,1,0,tel_13,,
р░Хр▒Кр░ир▒Нр░ир░┐ р░Ер░Вр░др░░р▒Нр░Ьр░╛р░др▒Ар░п р░╕р░Вр░╕р▒Нр░ер░▓р▒Б р░кр▒Жр░жр▒Нр░ж р░жр▒Зр░╢р░╛р░▓ р░ир░┐р░пр░Вр░др▒Нр░░р░гр░▓р▒Лр░ир▒З р░Йр░Вр░Яр░╛р░пр░┐.,te,TRUE,0,0,0,0,1,1,0,0,0,0,0,tel_14,,
р░жр░│р░┐р░др▒Бр░▓р░Хр░┐ р░И р░░р░╛р░╖р▒Нр░Яр▒Нр░░р░Вр░▓р▒Л р░Ор░кр▒Нр░кр▒Бр░бр▒В р░Чр▒Мр░░р░╡р░В р░жр░Хр▒Нр░Хр░жр▒Б.,te,TRUE,0,0,0,1,0,0,0,1,0,1,0,tel_15,,
р░кр▒Бр░░р▒Бр░╖р▒Бр░▓р▒З р░мр░▓р░ор▒Ир░и р░ир░╛р░пр░Хр▒Бр░▓р▒Б р░Ер░╡р▒Бр░др░╛р░░р▒Б.,te,TRUE,1,0,0,0,0,0,0,1,1,0,0,tel_16,,
р░И р░ир░Чр░░р░Вр░▓р▒Л р░кр▒Лр░▓р▒Ар░╕р▒Бр░▓р▒Б р░ир▒Зр░░р░╕р▒Нр░ер▒Бр░▓р░ир▒Б р░кр░Яр▒Нр░Яр▒Бр░Хр▒Лр░╡р░бр░Вр░▓р▒Л р░╡р░┐р░лр░▓р░ор░╡р▒Бр░др▒Бр░ир▒Нр░ир░╛р░░р▒Б.,te,TRUE,0,0,0,0,1,0,0,0,1,0,0,tel_17,,
р░Хр▒Кр░ир▒Нр░ир░┐ р░жр▒Зр░╢р░╛р░▓р▒Б р░ор░д р░╕р▒Нр░╡р▒Зр░Ър▒Нр░Ыр░ир▒Б р░кр▒Вр░░р▒Нр░др░┐р░Чр░╛ р░Ер░гр░Ър░┐р░╡р▒Зр░╕р▒Нр░др▒Бр░ир▒Нр░ир░╛р░пр░┐.,te,TRUE,0,0,1,0,0,1,1,0,1,0,0,tel_18,,
р░ор░╣р░┐р░│р░▓р░Хр▒Б р░╕р░ор░╛р░и р░╡р▒Зр░др░ир░В р░Зр░╡р▒Нр░╡р░ир░┐ р░╕р░Вр░╕р▒Нр░ер░▓р▒Б р░Ър░Яр▒Нр░Яр░╛р░ир░┐р░Хр░┐ р░▓р▒Лр░мр░бр░╛р░▓р░┐.,te,TRUE,1,0,0,0,0,0,0,0,0,1,0,tel_19,,
р░Ор░ир▒Нр░ир░┐р░Хр░▓р▒Нр░▓р▒Л р░Ер░╡р░┐р░ир▒Ар░др░┐ р░╡р░▓р▒Нр░▓ р░кр▒Нр░░р░Ьр░▓ р░Ур░Яр▒Б р░╡р░┐р░▓р▒Бр░╡ р░др░Чр▒Нр░Чр▒Бр░др▒Лр░Вр░жр░┐.,te,TRUE,0,1,0,0,0,0,0,0,1,0,0,tel_20,,
"Say─▒n Vekilimiz; TC ,B├╝y├╝k bir Devlet ve Sosyal Devlet ─░lkesi gere─Яi s─▒n─▒rs─▒z nafakayada ├з├╢z├╝m bulacakt─▒r.",tr,FALSE,0,0,0,0,0,0,0,0,0,0,0,tr_tweet_25,,
Bir ihtimal Turk Milliyetcileri guclu bir sekilde iktidar ortagi olabilirdi! Devlet Bahceli elinin tersiyle itmeyeydi!,tr,FALSE,0,0,0,0,0,0,0,0,0,0,0,tr_tweet_33,,
Alkol'├╝n saati mi olurmu┼Я. Yetken yetken ba┼Яlamak laz─▒m :),tr,FALSE,0,0,0,0,0,0,0,0,0,0,0,tr_tweet_39,,
"E─Яer ""bir"" ve ""birlik"" olmak ├з├╢z├╝yorsa sorunlar─▒.... ├╝lke olarak Neden Hala Yiyoruz ""B─░RB─░R─░M─░Z─░""...?",tr,FALSE,0,0,0,0,0,0,0,0,0,0,0,tr_tweet_10,,
#BizBizeYeterizT├╝rkiyem diyerek Devlet - Millet elele verdik.,tr,FALSE,0,0,0,0,0,0,0,0,0,0,0,tr_tweet_11,,
Anayasa gizli oyu emrediyor... Bu oy gizli mi??? Bu Anayasa me┼Яru mu??? FET├Ц tehdidiyle oy mu kullan─▒l─▒r??? https://t.co/u0yOjtVkMX,tr,FALSE,0,0,0,0,0,0,0,0,0,0,0,tr_tweet_21,,
"├Ц─Яretmen gelece─Яe bir nefestir, ├Ьlkemizin g├╝├зl├╝ yar─▒nlar─▒ e─Яitimle g├╝lecektir. Biz ek 40 bini sizinle alaca─Я─▒z, Bilge Lider'in yard─▒m─▒yla ek 40 bin atama gelecektir.",tr,FALSE,0,0,0,0,0,0,0,0,0,0,0,tr_tweet_29,,
"Bu st├╝dyodakilerin iyi bildi─Яi gibi,benim tarihe ilgim vard─▒r. Be┼Яikta┼ЯтАЩ─▒n bu duru┼Яu bana,─░ngiliz h├╝k├╝metinin telkini ├╝zerine,Padi┼ЯahтАЩ─▒n ─░stanbulтАЩa ├зa─Я─▒rd─▒─Я─▒ Mustafa KemalтАЩin,Milli M├╝cadele yolundan d├╢nmeyi┼Яini hat─▒rlatt─▒.",tr,FALSE,0,0,0,0,0,0,0,0,0,0,0,tr_tweet_30,,
"├╢─Яrenci haklar─▒n─▒ savunmak i├зin ├╢─Яrenci, kad─▒n haklar─▒n─▒ savunmak i├зin kad─▒n, e┼Яcinsel haklar─▒n─▒ savunmak i├зin e┼Яcinsel, hayvan haklar─▒n─▒ savunmak i├зin hayvan olman─▒za gerek yok",tr,FALSE,0,0,0,0,0,0,0,0,0,0,0,tr_tweet_48,,
Neyi tart─▒┼Я─▒yorduk hat─▒rlamak laz─▒m: 5) Reza Zarrab'─▒n koordinasyonunda toplam 130 milyon TL civar─▒nda r├╝┼Яvet/yolsuzluk...,tr,FALSE,0,0,0,0,0,0,0,0,0,0,0,tr_tweet_155,,
"Bir kanal, Saray'daki gayr-─▒ me┼Яru iktidar daha iyi soygun yapabilsin diye karart─▒ld─▒. Hep daha fazla daha fazla soysunlar diye...",tr,TRUE,0,1,0,0,0,1,0,0,0,0,0,tr_tweet_15,,
"Domuz eti yiyince gavur diyorlar a┼Яa─Яl─▒yorlar. Ama Uygurlar─▒n hayatlar─▒n─▒ pazarl─▒k konusu edip ├з─▒kar elde edenlere bir bildi─Яi vard─▒r diyorlar. Domuz eti yiyen, i├зki i├зenlerle u─Яra┼Яmay─▒ b─▒rak─▒n. Yetim hakk─▒, kul hakk─▒ yiyenlere bir kerecik odaklan─▒n.",tr,TRUE,0,0,1,0,0,0,0,1,0,0,0,tr_tweet_9,,
Senin kanuni yetkini kullanarak yapt─▒─Я─▒n atamalara Cumhurba┼Яkan─▒ kar─▒┼Я─▒yor mu! Atama yapmadan ├╢nce belediye personeline se├зim mi yapt─▒r─▒yorsun? Polislere sald─▒ran militanlara tepki veremeyen Mansur Yava┼Я'tan hadsiz a├з─▒klama!,tr,TRUE,0,1,0,0,0,0,0,0,0,1,0,tr_tweet_8,,
Bizde erkekler olarak insaniz insan bizde kalmasi y├╢n├╝nde kararimiz oldu─Яu halde verilmeyen cocuklarimizi haciz ederek almanin acisini kimse bilemez bu #nafaka zulmune #cocukicrasi na #tazyikhapsi ne bi son verin artik lutfen sayin @RTErdogan #erkeklerdeinsan #bekliyoruz https://t.co/2fk0d6dyrC,tr,TRUE,1,0,0,0,0,0,0,0,0,1,0,tr_tweet_14,,
Eymir'de kesilen a─Яa├зlar─▒ belediye kesseydi zihniyeti bozuklar─▒n hepsi ellerinde molotofla meydanlara ├з─▒kard─▒.,tr,TRUE,0,0,0,0,1,1,0,1,0,0,0,tr_tweet_17,,
"T├╝rkiye, d├╝nyada pandemi s├╝recinde halk─▒na en az yard─▒m eden ├╝lke ve halk─▒na IBAN g├╢nderen 5 ├╝lkeden birisi olmu┼Я! Yard─▒mlar─▒n %89'unu patronlara yaparken, sadece %11'ini fakir halka yapm─▒┼Яlar!Birisi bunlar i├зin, ""kimsesizlerin kimsesi, halk─▒n adam─▒"" falan m─▒ demi┼Яti..?",tr,TRUE,0,1,0,0,0,0,0,0,0,1,0,tr_tweet_38,,
Bende hep onu diyorum ama siz ─░slama dinimize kar┼Я─▒ yap─▒lan yanl─▒┼Яa yanl─▒┼Я diyemiyorsunuz reis yapt─▒ysa vard─▒r bir bildi─Яi deyip konu kapat─▒yorsunuz. Biz d├╝nyan─▒n hakaretkerini i┼Яitiyoruz siz sesinizi dahil ├з─▒karm─▒yorsunuz,tr,TRUE,0,0,1,0,0,0,0,0,0,1,0,tr_tweet_52,,
"Bilmiyorum cevap m─▒, bo┼Я yere mi nefret ediyorsun, ilk defa homofobik bir ateist g├╢r├╝yorum, sen Allah'─▒n olmad─▒─Я─▒n─▒ anlad─▒n ama lgbtqya ayr─▒mc─▒l─▒k yapman─▒n yanl─▒┼Я oldu─Яunu anlayamad─▒n m─▒? Sizin y├╝z├╝n├╝zden trans insanlar─▒n 60% kendini ├╢ld├╝rmeyi deniyor, peki neden nefret dolusun?",tr,TRUE,1,0,0,0,0,0,0,1,0,1,0,tr_tweet_70,,
"Suriyeli isteyen Suriye'ye, Afgan isteyen Afganistan'a gitsin!",tr,TRUE,0,0,0,1,0,0,0,0,0,1,0,tr_tweet_154,,
╪з┌п╪▒ ╪в╪м 1947 █Б┘И╪к╪з ╪к┘И ┘Е█М┌║ ╪п█М┌й┌╛╪к╪з ┌й█Б ┌й█М╪│█Т █М█Б ┘Б╪▒┘В█Б ┘╛╪▒╪│╪к█М╪М ╪з┘Б╪▒╪з╪к┘Б╪▒█М ╪з┘И╪▒ ╪з┘Ж╪к╪┤╪з╪▒ █Б┘И╪к╪з█Ф ┘Е┌п╪▒ ╪п╪▒╪н┘В█М┘В╪к ┘Д╪з╪┤╪╣┘И╪▒ █Б█М┌║ #NSlastHope4Pak @username,ur,FALSE,0,0,0,0,0,0,0,0,0,0,0,urdu_twitter_499607465366147074,,
╪з╪м┘Д╪з╪│ ┘Е█М┌║ ╪в╪▓╪з╪п█М ┘Е╪з╪▒┌Ж ┌й█Т ╪н┘И╪з┘Д█Т ╪│█Т ┘Е╪┤╪з┘И╪▒╪к ┌й█М ╪м╪з╪ж█Т ┌п█М╪М╪░╪▒╪з╪ж╪╣,ur,FALSE,0,0,0,0,0,0,0,0,0,0,0,urdu_twitter_1184410477037871104,,
╪м╪и ╪к╪н╪▒█М┌й ╪з┘Ж╪╡╪з┘Б ╪н┌й┘И┘Е╪к ╪и┘Ж╪з╪ж█Т ┌п█М ╪к┘И ┘╛┘И┘Д█М╪│ ╪з┘И╪▒ ╪│┘И┘Д ╪│╪▒┘И╪│ ┌й┘И ╪║█М╪▒ ╪│█М╪з╪│█М ┌й█М╪з ╪м╪з╪ж█Т ┌п╪з╪М ╪з┘П┘Ж█Б█М┌║ ╪и█М╪▒┘И┘Ж█М ┘Е╪п╪з╪о┘Д╪к ╪│█Т ┘Е╪н┘Б┘И╪╕ ╪▒┌й┌╛╪з ╪м╪з╪ж█Т ┌п╪з █Ф ╪з┘Ж╪╡╪з╪▒ ╪╣╪и╪з╪│█М #╪з█М┌й╪│┘╣█М┘Ж╪┤┘Ж_┘Ж╪з┘Е┘Ж╪╕┘И╪▒,ur,FALSE,0,0,0,0,0,0,0,0,0,0,0,urdu_twitter_1164062905878437888,,
"█Ф"" ╪к╪н┘Б╪╕ ┘Ж╪з┘Е┘И╪│ ╪▒╪│╪з┘Д╪к я╖║ █Б╪▒ ╪╡╪з╪н╪и ╪з█М┘Е╪з┘Ж ┌й█Т ╪п┘Д ┌й█М ╪в┘И╪з╪▓ █Б█Т  #█М┘И┘Е_╪к╪н┘Б╪╕_╪о╪к┘Е_┘Ж╪и┘И╪к",ur,FALSE,0,0,0,0,0,0,0,0,0,0,0,urdu_twitter_1567569911760789505,,
┌й╪┤┘Е█М╪▒ ┘Е█М┌║ ╪и┌╛╪з╪▒╪к ┌й█М ╪▒█М╪з╪│╪к█М ╪п█Б╪┤╪к ┌п╪▒╪п█М█Ф█Ф█Ф,ur,FALSE,0,0,0,0,0,0,0,0,0,0,0,urdu_twitter_1238493892183502850,,
"""┘Б╪│╪╖╪з╪ж█М╪к █Б█Т ┘Д┘И┌п┘И"" ╪о╪▒┘Е ╪п╪│╪к┌п█М╪▒ ┘╛█Б┘Д┘И╪з┘Ж ┘Ж█Т ╪з╪н╪к╪м╪з╪м ┌й█М╪з ""╪│╪▒┌й╪з╪▒█М ╪▓┘Е█М┘Ж ┘╛╪▒ ╪║█М╪▒ ┘В╪з┘Ж┘И┘Ж█М ┘╛┘╣╪▒┘И┘Д ┘╛┘Е┘╛ ┘Ж█Б█М┌║ ┌Ж┘Д╪з┘Ж█Т ╪п█М╪к█Т""",ur,FALSE,0,0,0,0,0,0,0,0,0,0,0,urdu_twitter_1155346722748452864,,
╪м┘И┌й┌Ж┌╛ ╪в╪м ┘Е╪м┌╛█Т┘Е█М╪▒█Т╪з█М┌й ╪п┘И╪│╪к ┘Ж█Т┘В╪и╪з╪ж┘Д█М ╪╣┘Д╪з┘В┘И┌║ ┌й█Т╪н╪з┘Д╪з╪к ╪и╪к╪з╪ж█Т█Б█М┌║ ┘И█Б ╪к┘И╪к╪╡┘И█М╪▒█Б█М ┌й┌Ж┌╛ ╪з┘И╪▒╪к┌╛█М ┘И█Б ┘И█Б╪з┌║ ╪│█Т █Б┘И┌й╪▒╪в█М╪з█Б█Т╪М┘Е█Б┘Е╪з┘Ж ┘Ж┘И╪з╪▓█М ┘Е╪░█Б╪и█М ╪▒┘И╪з╪п╪з╪▒█М ╪к┘И╪╣╪з┘Е █Б█Т,ur,FALSE,0,0,0,0,0,0,0,0,0,0,0,urdu_twitter_441224649536319488,,
╪в╪▓╪з╪п█М ┘Е╪з╪▒┌Ж ╪к┘И █Б┘И ┌п╪з █Б┘Е ╪и┌╛╪▒┘╛┘И╪▒ ╪┤╪▒┌й╪к ┌й╪▒█М┌║ ┌п█Т #╪в╪▓╪з╪п█М_┘Е╪з╪▒┌Ж_╪к┘И_█Б┘И_┌п╪з,ur,FALSE,0,0,0,0,0,0,0,0,0,0,0,urdu_twitter_1585347062429687808,,
╪к╪н┘Б╪╕ ┘Ж╪з┘Е┘И╪│ ╪▒╪│╪з┘Д╪к я╖║ ┘Е┘Д█М┘Ж ┘Е╪з╪▒┌Ж ┘Д╪з█Б┘И╪▒ #NamoseRisalatMilionMarch @username,ur,FALSE,0,0,0,0,0,0,0,0,0,0,0,urdu_twitter_1063057308526227457,,
╪в╪о╪▒ ┘╛╪о╪к┘И┘Ж █Б█М ╪з╪│ ╪╕┘Д┘Е ┌й╪з ┘Ж╪┤╪з┘Ж█Б ┌й█М┘И┌║? #ANPRejectsAntiAfghanPolicy,ur,FALSE,0,0,0,0,0,0,0,0,0,0,0,urdu_twitter_1392158426805964800,,
#╪▓┘Ж╪м█М╪▒┘И┌║_┘Е█М┌║_╪м┌й┌С╪з_┘Е█М┌И█М╪з ╪м╪и ╪к┌й █Б█Т ╪п┘Е ┘Д┌С█Т ┌п█Т █Б┘Е ╪з╪│ ╪и┌й╪з╪д ┘Е█М┌И█М╪з ┌й█Т ╪о┘Д╪з┘Б ┘Ж┘И╪з╪▓ ╪┤╪▒█М┘Б ┌й█Т ╪│╪з╪к┌╛,ur,TRUE,0,1,0,0,1,1,1,1,1,0,0,urdu_twitter_992287731492438022,,
┘Е┘Д┌й ┌й█М ╪к█М┘Ж ╪и┌С█М ╪│█М╪з╪│█М ╪м┘Е╪з╪╣╪к█М┌║ ╪м┘Д╪п █Б█М ┘Е█М╪л╪з┘В ╪м┘Е█Б┘И╪▒█М╪к ┘╛█Б ╪п╪│╪к╪о╪╖ ┌й╪▒█М┌║ ┌п█М ┘╛┘Ж┌И█М ╪│█Т ┘В█Б┘В┘И┌║ ┌й█М ╪в┘И╪з╪▓█М┌║ ╪в╪ж█М┌║ ┌п█М,ur,TRUE,0,1,0,0,0,1,1,0,1,0,0,urdu_twitter_890162657629786112,,
-JaximH ┘╛┘╣┘И╪з╪▒█М ┘╛┌С┌╛█Т ┘Д┌й┌╛█Т ╪и┌╛█М █Б┘И╪к█Т █Б█М┌║ ┘Е█М┌║ ╪к┘И ╪│┘Е╪м┌╛╪з ╪к┌╛╪з ╪о╪з┘Д█М ╪░█Б┘Ж█М ╪║┘Д╪з┘Е █Б┘И╪к█Т █Б█М┌║,ur,TRUE,0,1,0,0,0,0,1,1,1,0,0,urdu_twitter_613771198338629632,,
┘╛┘╣┌╛╪з┘Ж╪М╪│┘Ж╪п┌╛█М╪М╪и┘Д┘И┌Ж█М╪М┘Е█Б╪з╪м╪▒┘И╪║█М╪▒█Б╪М█М█Б ┘Б╪▒┘В█Б ┘╛╪▒╪│╪к█М ╪з┘И╪▒ █М█Б ┌п┘Ж╪п█Т ┘Ж╪╣╪▒█Т ╪з╪│█М ┘Б╪╢╪з┘Е█М┌║ ┘Д┌п╪к█Т █Б█М┌║╪М╪м█Б╪з┌║ ╪│█Т ┘Ж╪и█Мя╖║ ┌й█М ╪▓┘Ж╪п┌п█М ┘Ж┌й┘Д ╪м╪з╪к█М █Б█М┌║!!!!,ur,TRUE,0,1,1,1,0,1,1,1,0,1,1,urdu_twitter_914323123755012097,,
╪╣┘Д█М╪н╪п┌п█М ┘╛╪│┘Ж╪п┘И┌║ ╪и┘Д┘И┌Ж┘И┌║ ┘Ж█Т ╪в╪м ┌й█Т ┘Е█М┌Ж ┌й█М ╪м┌╛┘Д┌й█М╪з┌║ ╪и╪▒╪з╪ж█Т ┘╛┘Ж╪м╪з╪и ┘Е╪о╪з┘Д┘Б ┘╛╪▒┘И┘╛█М┌п┘Ж┌И█Б ┘Е╪н┘Б┘И╪╕ ┌й╪▒ ┘Д█М █Б█М┌║█Ф,ur,TRUE,0,0,0,1,0,1,0,1,0,0,0,urdu_twitter_696747907110801409,,
┘Ж█Б ╪╡╪▒┘Б ┘Б╪к┘Ж█Б ╪о╪з┘Ж ╪и┘Д┌й█Б ┌п┘И┌п█М ┘╛┘Ж┌й█М ╪з┘И╪▒ ╪з╪и╪▒╪з█Б█М┘Е ┌й┘И ╪и┌╛█М ╪║█М╪▒ ┘В╪з┘Ж┘И┘Ж█М ┌й█М╪┤ ┌й╪з ╪и█Б╪к ╪┤┘И┘В █Б█Т #┘Б╪к┘Ж█Т_┌й┘И_┌й█М╪┤_┘╛╪│┘Ж╪п_█Б█Т,ur,TRUE,1,1,0,0,0,0,0,1,0,1,1,urdu_twitter_1592831361685295105,,
╪╣┘Ж┘В╪▒█М╪и ┘╛╪з┌й╪│╪к╪з┘Ж ┌й█М ╪│█М╪з╪│╪к ╪│█Т ╪з┘Ж╪к█Б╪з╪ж█М ╪║┘Д█М╪╕ ╪к╪▒█М┘Ж ╪и╪п╪и┘И╪п╪з╪▒ ┌п┌╛┘Ж╪з╪д┘Ж╪з ┘Б╪з╪┤╪│┘╣ ┌й╪▒╪п╪з╪▒ ╪о╪к┘Е █Б┘И┘Ж█Т ┌й┘И █Б█Т,ur,TRUE,0,1,0,0,0,1,1,0,0,0,1,urdu_twitter_1560610554783207425,,
┌Ж┘Ж╪п ┘Ж┘И┘╣┘И┌║ ┘╛█Б ╪и┌й┘Ж█Т ┘И╪з┘Д╪з ┘Ж┘Е┌й ╪н╪▒╪з┘Е ╪╡╪н╪з┘Б█М  #┌п┘╣╪▒╪╡╪н╪з┘Б╪к @username,ur,TRUE,0,1,0,0,1,1,1,0,1,0,0,urdu_twitter_1055532098013011968,,
╪│┘Ж╪п┌╛ ┌й█Т ╪п┘И╪│╪к ╪и╪з╪┤ ┘И ┘╛╪▒╪о┘Д┘И╪╡ ╪и╪з╪│█М┘И┌║ ┌й┘И ╪▓╪▒╪п╪з╪▒█М ╪м█М╪│█М ┌п╪з┘Д█М ┘И ╪и┘Д╪з┘И┘Д ╪м█М╪│█Т ┘Е╪о┘Ж╪л ┘Д┘И╪╖█М ┘Д┘И┘Ж┌И█Т ┌й█Т ╪▒╪н┘Е ┘И ┌й╪▒┘Е ┘╛╪▒ ┌Ж┌╛┘И┌С┘Ж╪з ╪з╪│┘╣█М╪и┘Д╪┤┘Е┘Ж┘╣ ┌й█М ╪│╪и ╪│█Т ╪и┌С█М ╪▓█М╪з╪п╪к█М █Б█Т,ur,TRUE,1,1,0,0,0,1,1,1,0,0,1,urdu_twitter_1594316929631666178,,
┌й┘Ж┌С╪М┌й┘╣┌╛ ┘╛╪к┘Д█М ┘Б┘И╪м┘И┌║ ┘╛╪▒╪н┘Е┘Д█Т╪М╪п┘И █Б┘Д╪з┌й╪М5 ╪▓╪о┘Е█М @username,ur,TRUE,0,1,0,0,0,0,0,1,1,0,1,urdu_twitter_542695474885435392,,
цЩоф┐бчФ╖цШпф╗Аф╣ИцДПцАЭхХК,zh,FALSE,0,0,0,0,0,0,0,0,0,0,0,chinese_412,,
хжЗхе│цЭГчЫКф┐ЭщЪЬц│Хя╝Иф┐ошовшНЙцбИя╝Йх╛Бц▒ВцДПшзБцнгхЬиш┐ЫшбМф╕ня╝Мхдзхо╢цЬЙцДПшзБш╡╢ч┤зхО╗цПРя╝Б,zh,FALSE,0,0,0,0,0,0,0,0,0,0,0,chinese_16,,
ф╜Ьф╕║хе│цАзя╝Мш╡ЮхРМцФпцМБф╜ая╝МхИдцЦнхе│цАзцЬЙц▓бцЬЙхЬ░ф╜Ня╝МшжБчЬЛхе╣ф╗мцЬЙц▓бцЬЙхРИчРЖчЪДя╝МхРИц│ХчЪДх╖еф╜ЬцДПшпЖхТМх╖еф╜ЬцЬ║ф╝ЪуАВф╕нхЫ╜х╜УчД╢ш┐ШхнШхЬищЗНчФ╖ш╜╗хе│чЪДхЬ░хМ║хТМх║Хх▒ВцЦЗхМЦя╝Мф╜ЖцШпф╕╗ц╡БшзВх┐╡хТМцДПшпЖх╜вцАБцШпцФпцМБхе│цАзшзгцФ╛чЪДуАВ,zh,FALSE,0,0,0,0,0,0,0,0,0,0,0,chinese_1552,,
хРМцАзцБЛцЙАхНаф║║хПгцпФф╛ЛчФЪшЗ│ф╕НщЬАшжБцЯецЙ╛ф╕Уф╕ЪчЪДцЦЗчМоя╝МчЩ╛х║жф╗Аф╣ИчЪДщЪПф╛┐цРЬцРЬх░▒цЬЙуАВ,zh,FALSE,0,0,0,0,0,0,0,0,0,0,0,chinese_35,,
х░╜чобф║║ч▒╗хЬицФ╗хЕЛшЙ╛ц╗ЛчЧЕчЪДщБУш╖пф╕Кх╖▓ч╗ПхПЦх╛Чф║Жф╕Нх░СцИРх░▒я╝МшЙ╛ц╗ЛчЧЕх╖▓ч╗Пф╕НхГПхНБх╣┤хЙНщВгца╖хРмш╡╖цЭехПпцАХуАВ,zh,FALSE,0,0,0,0,0,0,0,0,0,0,0,chinese_1995,,
ф╜ЖцШпхЬихРпшТЩщШ╢цо╡я╝МцЬАш╡╖чаБшойф╗Цф╗мчЯещБУф╗Аф╣ИцШпхРМцАзцБЛя╝Мф╗Аф╣ИцШпх╝ВцАзцБЛя╝Мф╗Аф╣ИцШпшМГцАзцБЛя╝Мф╗Аф╣ИцШпхПМцАзцБЛф╗Аф╣ИцШпцАзхНХцБЛшойф╗Цф╗мчЯещБУцЬЙш┐Щф╕Ач▒╗ф║║чЪДхнШхЬия╝Мх╣╢шойф╗Цф╗мхнжф╝Ъх░КщЗНя╝Мш┐Щф╣Яф╕НцШпф╜Ьф╕║ф╕нхНОц░СцЧПчЪДч╛Ох╛╖хРЧя╝Я,zh,FALSE,0,0,0,0,0,0,0,0,0,0,0,chinese_512,,
х╖жф╕Лф║ЪшгФцпФш╛Гх╕Ея╝Мш┐ШцЬЙхИЪцЭецЙ╛х║зф╜НчЪДшУЭTх░ПхУехУе,zh,FALSE,0,0,0,0,0,0,0,0,0,0,0,chinese_1497,,
хН░х║жф║║чЪДшпЭх╛ЧхИЖхоЧцХЩя╝МчйЖцЦпцЮЧчЪДшпЭх░▒хО╗ц╕ЕчЬЯщенх║Чя╝МхН░х║жцХЩх╛Тх░▒хО╗хп║х║ЩчЪДч┤ашПЬщжЖя╝МщГ╜хПпф╗ех░ЭхИ░х╛ИхЬ░щБУчЪДф╕нхЫ╜шПЬшАМф╕Нш┐ЭхПНцИТх╛ЛуАВ,zh,FALSE,0,0,0,0,0,0,0,0,0,0,0,chinese_1575,,
"цЧецЬмф║║ф╣Яф╕НхЕицШпхЭПф║║я╝Мф╕нхЫ╜ф║║ф╣Яф╕НхЕицШпхе╜ф║║тИа(,сРЫ,уАНтИа)я╝┐",zh,FALSE,0,0,0,0,0,0,0,0,0,0,0,chinese_1773,,
х░Пч╛Оф║║щ▒╝цШпцИСчлех╣┤цЬАхЦЬцмвчЪДцХЕф║ЛуАВцИСшзЙх╛ЧщАЙшзТц▓бщЧощвШя╝Мф╕АчЬЛх░▒цШпх╛ИхЛЗцХвчЪДхе│хнйхнРуАВхоЙх╛ТчФЯхЖЩх░Пч╛Оф║║щ▒╝чЪДхИЭшб╖ф╣ЯцШпцнМщвВщВгчзНчФЯхС╜ц░╕цБТш┐ШцЬЙч╛ОхТМхЦДуАВх░Пч╛Оф║║щ▒╝х╛ИхЛЗцХвхХКуАВхжВцЮЬш┐кцЦпх░╝х╝АхзЛчЪДц╝лчФ╗х░▒цШпщ╗Сф║║хЕмф╕╗цБРцАХхдзхо╢чО░хЬих░▒ф╕Нф╝ЪщЕ▒ч┤лшзЙх╛Чч╛Оф║║щ▒╝щЭЮшжБчЩ╜чЪошВдч║вхд┤хПСшУЭчЬ╝чЭЫф║ЖуАВ,zh,FALSE,0,0,0,0,0,0,0,0,0,0,0,chinese_5994,,
цИСшзЙх╛Чф╕нхЫ╜хе│цАзхкЪхдЦхА╝х╛ЧцЙ╣шпДчЪДцШпф╕нхЫ╜чФ╖цАзя╝Мф╜аф╗мчЬЛф╕АчЬЛхЗ║ш╜ичЪДхе│ф║║чЪДшАБхЕмф╕АчЬЛх░▒х╛Иш╜пх╝▒я╝МшАМф╗ехЙНхЬичд╛ф╝Ъф╕Кц╖╖чЪДчФ╖ф║║чЪДшАБхйЖцИСц▓бхПСчО░ш░БцХвхЗ║ш╜ия╝Мф╕нхЫ╜чФ╖ф║║хжВцЮЬшГ╜хТМщ╗Сф║║цИЦчйЖцЦпцЮЧчФ╖цАзф╕Аца╖цЪ┤хКЫя╝МщВгф╕нхЫ╜х░▒ц▓бцЬЙхкЪхдЦчЪДшп┤ц│ХуАВ,zh,TRUE,1,0,0,1,0,1,1,1,0,0,0,chinese_1,,
це╝ф╕╗хХКя╝БцИСшо░х╛Чш┐ЩцШпцЯРф╜НцЩоф┐бхе│хЖЩчЪДхЕ│ф║ОчФ╖цАзчЪДцЭбф╗╢хРзя╝МцФ╣чЪДхе╜я╝Мш┐ШцЬЙя╝МцВичЪДх╕ЦхнРщЗМщЭвцЬЙцЭбчЫоЁЯР╢я╝Мш╡╢ч┤зч╜ощб╢ч╛Юш╛▒,zh,TRUE,1,0,0,0,0,1,1,0,0,0,1,chinese_5,,
цИСф╕НцБРхРМя╝Мх░▒цШпхНХч║пчЪДхОМцБ╢я╝МшзЙх╛ЧцБ╢х┐Гя╝Мф╕Нф╕║хИлчЪДя╝Мх░▒ф╕║txlч╛дф╜Уф╝ацТнxчЧЕя╝Мш┐ШшжБщкЧф║║х╜вхйЪя╝МцпБф║║ф╕АчФЯуАВш┐Рц░Фх╖оф╕АчВ╣чЪДя╝МхПкцШпшвлщкЧхйЪуАВш┐Рц░ФхЖНх╖оф╕АчВ╣я╝МшвлщкЧчЭАчФЯф╕кхнйхнРя╝МцККхнйхнРф╣ЯцпБф║ЖуАВш┐Рц░Фх╖охИ░чИЖчЪДя╝Мшвлф║║щкЧхйЪя╝Мш┐Шшвлф╝ацЯУф╕КxчЧЕя╝Мш┐Щх░▒цШпtxlч╛дф╜Ух╣▓чЪДхе╜ф║ЛуАВ,zh,TRUE,1,0,0,0,0,1,0,1,0,0,0,chinese_53,,
ч╗╝ф╕КцЙАш┐░я╝Мф╗ехРОцГ│ш╡╖цЭеф╝ЪшбехЕЕя╝МхРМцАзцБЛх░▒ч║пч║пцЗжхдл,zh,TRUE,1,0,0,0,0,1,0,1,0,0,0,chinese_117,,
чЬЯчЩ╜х╖жх╜УчД╢цФпцМБя╝Мф╜ЖщЧощвШцШпше┐цЦ╣цЙАш░УчЪДчЩ╜х╖жщГ╜цШпшЩЪф╝кчЪДчЩ╜х╖жя╝МшЛ▒цЦЗхПлliberalsя╝МхТМф╕нхЫ╜хе│цЭГф╕Аца╖я╝МшбищЭвф╕Кх╣│цЭГя╝МхоЮщЩЕф╕КцШпцМВх╣│цЭГчЛЧхд┤хНЦчЙ╣цЭГчЛЧхд┤я╝МчЬЯхе│цЭГчЬЯчЩ╜х╖жц▓бхдЪх░Сф║║хПНхп╣чЪДя╝МхПпцГЬхдзхдЪцХ░щГ╜цШпшЩЪф╝кчЪДхВ╗щА╝уАВ,zh,TRUE,1,1,0,0,0,1,1,1,0,0,0,chinese_1761,,
цЬЙф║ЫчйЖцЦпцЮЧчЙ╣цБ╢х┐ГхРГчМкшВЙчЪДя╝Мф╕НчИ▒х╕жщЭвч║▒чЪДхе│ф║║ф╣Яц╗Ъ......ф╗Цф╗мчЪДф╕ЙшзВхЗ║щЧощвШф║ЖхРЧя╝Я,zh,TRUE,0,0,1,0,0,1,0,0,0,1,0,chinese_220,,
ц╖╖шбАя╝МчЬ╝чЭЫцШпшУЭшЙ▓я╝Мц╖╖ф║ЖчЩ╜чЪочМкчЪДшбА,zh,TRUE,0,0,0,1,0,1,0,0,0,0,1,chinese_20,,
хп╣х╛Ещ╗СшЫЖчЫ┤цОец╕Ечй║х╝╣хд╣хоМф║Л,zh,TRUE,0,0,0,1,0,1,1,0,0,0,1,chinese_128,,
цИСхЬищЭЮц┤▓хСЖш┐Зх╛Иф╣Ея╝МчЫ╕ф┐бцИСя╝Мщ╗Сф║║ф╕НхА╝х╛ЧхРМцГЕя╝Мф╗Цф╗мх░▒цШпхКгчнЙц░СцЧПя╝Мц▓бцЬЙч╛ЮшА╗х┐Гц▓бцЬЙф╕Кш┐Ых┐Гя╝МхдйчФЯх░▒шпешвлхе┤х╜╣чЪДчзНцЧПуАВ,zh,TRUE,0,0,0,1,0,1,0,1,1,1,1,chinese_4795,,
хПИф╕Нч╗ЩхБЪч╗ЭшВ▓хПИхЬгцпНхПкшГ╜шойц╡Бц╡кчМлш╢КцЭеш╢КхдЪщГ╜цИРчФЯцАБцЭАцЙЛф║Ж,zh,TRUE,0,0,0,0,1,1,0,1,0,0,0,chinese_503,,